-- --------------------------------------------------------
-- Servidor:                     127.0.0.1
-- Versão do servidor:           5.7.39 - MySQL Community Server (GPL)
-- OS do Servidor:               Win64
-- HeidiSQL Versão:              12.1.0.6537
-- --------------------------------------------------------

/*!40101 SET @OLD_CHARACTER_SET_CLIENT=@@CHARACTER_SET_CLIENT */;
/*!40101 SET NAMES utf8 */;
/*!50503 SET NAMES utf8mb4 */;
/*!40103 SET @OLD_TIME_ZONE=@@TIME_ZONE */;
/*!40103 SET TIME_ZONE='+00:00' */;
/*!40014 SET @OLD_FOREIGN_KEY_CHECKS=@@FOREIGN_KEY_CHECKS, FOREIGN_KEY_CHECKS=0 */;
/*!40101 SET @OLD_SQL_MODE=@@SQL_MODE, SQL_MODE='NO_AUTO_VALUE_ON_ZERO' */;
/*!40111 SET @OLD_SQL_NOTES=@@SQL_NOTES, SQL_NOTES=0 */;

-- Copiando estrutura para tabela decorishouse.categories
CREATE TABLE IF NOT EXISTS `categories` (
  `id` bigint(20) unsigned NOT NULL AUTO_INCREMENT,
  `name` varchar(255) COLLATE utf8mb4_unicode_ci NOT NULL,
  `slug` varchar(255) COLLATE utf8mb4_unicode_ci NOT NULL,
  `thumb` varchar(255) COLLATE utf8mb4_unicode_ci DEFAULT NULL,
  `parent_id` bigint(20) unsigned DEFAULT NULL,
  `description` text COLLATE utf8mb4_unicode_ci,
  `status` bigint(20) unsigned NOT NULL,
  `created_at` timestamp NULL DEFAULT NULL,
  `updated_at` timestamp NULL DEFAULT NULL,
  PRIMARY KEY (`id`),
  UNIQUE KEY `categories_slug_unique` (`slug`),
  KEY `categories_slug_index` (`slug`),
  KEY `categories_parent_id_foreign` (`parent_id`),
  KEY `categories_status_foreign` (`status`),
  CONSTRAINT `categories_parent_id_foreign` FOREIGN KEY (`parent_id`) REFERENCES `categories` (`id`) ON DELETE CASCADE,
  CONSTRAINT `categories_status_foreign` FOREIGN KEY (`status`) REFERENCES `statuses` (`id`) ON DELETE CASCADE
) ENGINE=InnoDB AUTO_INCREMENT=166 DEFAULT CHARSET=utf8mb4 COLLATE=utf8mb4_unicode_ci;

-- Copiando dados para a tabela decorishouse.categories: ~163 rows (aproximadamente)
INSERT INTO `categories` (`id`, `name`, `slug`, `thumb`, `parent_id`, `description`, `status`, `created_at`, `updated_at`) VALUES
	(1, 'Banheiro', 'banheiro', NULL, NULL, NULL, 1, '2025-03-28 23:41:01', '2025-03-28 23:41:01'),
	(2, 'Cozinha', 'cozinha', NULL, 6, NULL, 1, '2025-03-28 23:41:16', '2025-03-28 23:54:01'),
	(3, 'Decorações', 'decoracoes', NULL, NULL, NULL, 1, '2025-03-28 23:41:22', '2025-03-28 23:41:22'),
	(4, 'Ferramentas', 'ferramentas', NULL, NULL, NULL, 2, '2025-03-28 23:41:29', '2025-03-28 23:41:29'),
	(5, 'Fragrâncias', 'fragrancias', NULL, NULL, NULL, 2, '2025-03-28 23:41:35', '2025-03-28 23:41:35'),
	(6, 'Iluminações', 'iluminacoes', NULL, NULL, NULL, 1, '2025-03-28 23:41:41', '2025-03-28 23:41:41'),
	(7, 'Jardins', 'jardins', NULL, 6, NULL, 1, '2025-03-28 23:41:47', '2025-03-28 23:54:01'),
	(8, 'Limpeza', 'limpeza', NULL, NULL, NULL, 1, '2025-03-28 23:41:52', '2025-03-28 23:41:52'),
	(9, 'Louças', 'loucas', NULL, NULL, NULL, 2, '2025-03-28 23:41:58', '2025-03-28 23:41:58'),
	(10, 'Móveis', 'moveis', NULL, NULL, NULL, 1, '2025-03-28 23:42:03', '2025-03-28 23:42:03'),
	(11, 'Organizadores', 'organizadores', NULL, NULL, NULL, 1, '2025-03-28 23:42:07', '2025-03-28 23:42:07'),
	(12, 'Roupas de Cama', 'roupas-de-cama', NULL, NULL, NULL, 1, '2025-03-28 23:42:14', '2025-03-28 23:42:14'),
	(13, 'Alças de Segurança', 'alcas-de-seguranca', NULL, 1, NULL, 1, '2025-03-29 02:43:05', '2025-03-29 02:43:05'),
	(14, 'Bancos e Cadeiras de Banho', 'bancos-e-cadeiras-de-banho', NULL, 1, NULL, 1, '2025-03-29 02:43:05', '2025-03-29 02:43:05'),
	(15, 'Chuveiro, Chuveirinhos e Bidês', 'chuveiro-chuveirinhos-e-bides', NULL, 1, NULL, 1, '2025-03-29 02:43:05', '2025-03-29 02:43:05'),
	(16, 'Cortinas de Chuveiro', 'cortinas-de-chuveiro', NULL, 1, NULL, 1, '2025-03-29 02:43:05', '2025-03-29 02:43:05'),
	(17, 'Distribuidores, Suportes e Caixas de Sabonete', 'distribuidores-suportes-e-caixas-de-sabonete', NULL, 1, NULL, 1, '2025-03-29 02:43:05', '2025-03-29 02:43:05'),
	(18, 'Escovas e Buchas de Banho', 'escovas-e-buchas-de-banho', NULL, 1, NULL, 1, '2025-03-29 02:43:05', '2025-03-29 02:43:05'),
	(19, 'Outros Banheiros', 'outros-banheiros', NULL, 1, NULL, 1, '2025-03-29 02:43:05', '2025-03-29 02:43:05'),
	(20, 'Suportes para Escovas e Pasta de Dente', 'suportes-para-escovas-e-pasta-de-dente', NULL, 1, NULL, 1, '2025-03-29 02:43:05', '2025-03-29 02:43:05'),
	(21, 'Toalhas de Banho', 'toalhas-de-banho', NULL, 1, NULL, 1, '2025-03-29 02:43:05', '2025-03-29 02:43:05'),
	(22, 'Toalhas de Rosto e Mãos', 'toalhas-de-rosto-e-maos', NULL, 1, NULL, 1, '2025-03-29 02:43:05', '2025-03-29 02:43:05'),
	(23, 'Roupões de Banho', 'roupoes-de-banho', NULL, 1, NULL, 1, '2025-03-29 02:43:05', '2025-03-29 02:43:05'),
	(24, 'Outras Toalhas e Roupões', 'outras-toalhas-e-roupoes', NULL, 1, NULL, 1, '2025-03-29 02:43:05', '2025-03-29 02:43:05'),
	(25, 'Toucas de Banho', 'toucas-de-banho', NULL, 1, NULL, 1, '2025-03-29 02:43:05', '2025-03-29 02:43:05'),
	(26, 'Vasos, Assentos e Tampas de Sanitário', 'vasos-assentos-e-tampas-de-sanitario', NULL, 1, NULL, 1, '2025-03-29 02:43:05', '2025-03-29 02:43:05'),
	(27, 'Abridores de Latas e Garrafas', 'abridores-de-latas-e-garrafas', NULL, 2, NULL, 1, '2025-03-29 02:43:05', '2025-03-29 02:43:05'),
	(28, 'Armazenamento de Alimentos', 'armazenamento-de-alimentos', NULL, 2, NULL, 1, '2025-03-29 02:43:05', '2025-03-29 02:43:05'),
	(29, 'Artigos para Chá, Café e Bar', 'artigos-para-cha-cafe-e-bar', NULL, 2, NULL, 1, '2025-03-29 02:43:05', '2025-03-29 02:43:05'),
	(30, 'Assadeiras e Decorações', 'assadeiras-e-decoracoes', NULL, 2, NULL, 1, '2025-03-29 02:43:05', '2025-03-29 02:43:05'),
	(31, 'Aventais e Luvas de Forno', 'aventais-e-luvas-de-forno', NULL, 2, NULL, 1, '2025-03-29 02:43:05', '2025-03-29 02:43:05'),
	(32, 'Balanças de Cozinha', 'balancas-de-cozinha', NULL, 2, NULL, 1, '2025-03-29 02:43:05', '2025-03-29 02:43:05'),
	(33, 'Batedor de Claras e Fues', 'batedor-de-claras-e-fues', NULL, 2, NULL, 1, '2025-03-29 02:43:05', '2025-03-29 02:43:05'),
	(34, 'Copos e Colheres de Medição', 'copos-e-colheres-de-medicao', NULL, 2, NULL, 1, '2025-03-29 02:43:05', '2025-03-29 02:43:05'),
	(35, 'Escorredores de Louças', 'escorredores-de-loucas', NULL, 2, NULL, 1, '2025-03-29 02:43:05', '2025-03-29 02:43:05'),
	(36, 'Espátulas e Pegadores de Cozinha', 'espatulas-e-pegadores-de-cozinha', NULL, 2, NULL, 1, '2025-03-29 02:43:05', '2025-03-29 02:43:05'),
	(37, 'Facas e Tesouras de Cozinha', 'facas-e-tesouras-de-cozinha', NULL, 2, NULL, 1, '2025-03-29 02:43:05', '2025-03-29 02:43:05'),
	(38, 'Frigideiras', 'frigideiras', NULL, 2, NULL, 1, '2025-03-29 02:43:05', '2025-03-29 02:43:05'),
	(39, 'Grelhas e Acessórios', 'grelhas-e-acessorios', NULL, 2, NULL, 1, '2025-03-29 02:43:05', '2025-03-29 02:43:05'),
	(40, 'Outros Artigos de Cozinha', 'outros-artigos-de-cozinha', NULL, 2, NULL, 1, '2025-03-29 02:43:05', '2025-03-29 02:43:05'),
	(41, 'Panelas', 'panelas', NULL, 2, NULL, 1, '2025-03-29 02:43:05', '2025-03-29 02:43:05'),
	(42, 'Papel Alumínio', 'papel-aluminio', NULL, 2, NULL, 1, '2025-03-29 02:43:05', '2025-03-29 02:43:05'),
	(43, 'Papel Filme', 'papel-filme', NULL, 2, NULL, 1, '2025-03-29 02:43:05', '2025-03-29 02:43:05'),
	(44, 'Peneiras e Escorredores de Massa', 'peneiras-e-escorredores-de-massa', NULL, 2, NULL, 1, '2025-03-29 02:43:05', '2025-03-29 02:43:05'),
	(45, 'Raladores, Descascadores e Cortadores', 'raladores-descascadores-e-cortadores', NULL, 2, NULL, 1, '2025-03-29 02:43:05', '2025-03-29 02:43:05'),
	(46, 'Seladoras', 'seladoras', NULL, 2, NULL, 1, '2025-03-29 02:43:05', '2025-03-29 02:43:05'),
	(47, 'Tábuas de Cortar', 'tabuas-de-cortar', NULL, 2, NULL, 1, '2025-03-29 02:43:05', '2025-03-29 02:43:05'),
	(48, 'Capachos', 'capachos', NULL, 3, NULL, 1, '2025-03-29 02:43:05', '2025-03-29 02:43:05'),
	(49, 'Capas para Móveis e Eletrodomésticos', 'capas-para-moveis-e-eletrodomesticos', NULL, 3, NULL, 1, '2025-03-29 02:43:05', '2025-03-29 02:43:05'),
	(50, 'Carpetes e Tapetes', 'carpetes-e-tapetes', NULL, 3, NULL, 1, '2025-03-29 02:43:05', '2025-03-29 02:43:05'),
	(51, 'Cortinas e Persianas', 'cortinas-e-persianas', NULL, 3, NULL, 1, '2025-03-29 02:43:05', '2025-03-29 02:43:05'),
	(52, 'Espelhos', 'espelhos', NULL, 3, NULL, 1, '2025-03-29 02:43:05', '2025-03-29 02:43:05'),
	(53, 'Flores', 'flores', NULL, 3, NULL, 1, '2025-03-29 02:43:05', '2025-03-29 02:43:05'),
	(54, 'Molduras para Fotos e Decoração de Parede', 'molduras-para-fotos-e-decoracao-de-parede', NULL, 3, NULL, 1, '2025-03-29 02:43:05', '2025-03-29 02:43:05'),
	(55, 'Outras Decorações', 'outras-decoracoes', NULL, 3, NULL, 1, '2025-03-29 02:43:05', '2025-03-29 02:43:05'),
	(56, 'Papéis de Parede e Adesivos de Parede', 'papeis-de-parede-e-adesivos-de-parede', NULL, 3, NULL, 1, '2025-03-29 02:43:05', '2025-03-29 02:43:05'),
	(57, 'Relógios', 'relogios', NULL, 3, NULL, 1, '2025-03-29 02:43:05', '2025-03-29 02:43:05'),
	(58, 'Toalhas de Mesa', 'toalhas-de-mesa', NULL, 3, NULL, 1, '2025-03-29 02:43:05', '2025-03-29 02:43:05'),
	(59, 'Vasos e Vasilhas', 'vasos-e-vasilhas', NULL, 3, NULL, 1, '2025-03-29 02:43:05', '2025-03-29 02:43:05'),
	(60, 'Velas e Castiçais', 'velas-e-casticais', NULL, 3, NULL, 1, '2025-03-29 02:43:05', '2025-03-29 02:43:05'),
	(61, 'Adesivos e Fitas Industriais', 'adesivos-e-fitas-industriais', NULL, 4, NULL, 1, '2025-03-29 02:43:05', '2025-03-29 02:43:05'),
	(62, 'Bombas de Água, Peças e Acessórios', 'bombas-de-agua-pecas-e-acessorios', NULL, 4, NULL, 1, '2025-03-29 02:43:05', '2025-03-29 02:43:05'),
	(63, 'Bombas de Ar, Peças e Acessórios', 'bombas-de-ar-pecas-e-acessorios', NULL, 4, NULL, 1, '2025-03-29 02:43:05', '2025-03-29 02:43:05'),
	(64, 'Carros de Ferramentas', 'carros-de-ferramentas', NULL, 4, NULL, 1, '2025-03-29 02:43:05', '2025-03-29 02:43:05'),
	(65, 'Cortinas, Toldos e Lonas', 'cortinas-toldos-e-lonas', NULL, 4, NULL, 1, '2025-03-29 02:43:05', '2025-03-29 02:43:05'),
	(66, 'Escadas', 'escadas', NULL, 4, NULL, 1, '2025-03-29 02:43:05', '2025-03-29 02:43:05'),
	(67, 'Caixas de Ferramentas', 'caixas-de-ferramentas', NULL, 4, NULL, 1, '2025-03-29 02:43:05', '2025-03-29 02:43:05'),
	(68, 'Fitas Métricas', 'fitas-metricas', NULL, 4, NULL, 1, '2025-03-29 02:43:05', '2025-03-29 02:43:05'),
	(69, 'Conjuntos de Chaves', 'conjuntos-de-chaves', NULL, 4, NULL, 1, '2025-03-29 02:43:05', '2025-03-29 02:43:05'),
	(70, 'Martelos', 'martelos', NULL, 4, NULL, 1, '2025-03-29 02:43:05', '2025-03-29 02:43:05'),
	(71, 'Alicates', 'alicates', NULL, 4, NULL, 1, '2025-03-29 02:43:05', '2025-03-29 02:43:05'),
	(72, 'Pregos, Parafusos e Fechos', 'pregos-parafusos-e-fechos', NULL, 4, NULL, 1, '2025-03-29 02:43:05', '2025-03-29 02:43:05'),
	(73, 'Brocas, Chaves de Fenda e Acessórios', 'brocas-chaves-de-fenda-e-acessorios', NULL, 4, NULL, 1, '2025-03-29 02:43:05', '2025-03-29 02:43:05'),
	(74, 'Serras, Máquinas de Corte e Esmerilhadeiras', 'serras-maquinas-de-corte-e-esmerilhadeiras', NULL, 4, NULL, 1, '2025-03-29 02:43:05', '2025-03-29 02:43:05'),
	(75, 'Lavadora de Alta Pressão', 'lavadora-de-alta-pressao', NULL, 4, NULL, 1, '2025-03-29 02:43:05', '2025-03-29 02:43:05'),
	(76, 'Geradores de Energia', 'geradores-de-energia', NULL, 4, NULL, 1, '2025-03-29 02:43:05', '2025-03-29 02:43:05'),
	(77, 'Testadores Elétricos e Multímetros', 'testadores-eletricos-e-multimetros', NULL, 4, NULL, 1, '2025-03-29 02:43:05', '2025-03-29 02:43:05'),
	(78, 'Níveis e Rodas de Medição', 'niveis-e-rodas-de-medicao', NULL, 4, NULL, 1, '2025-03-29 02:43:05', '2025-03-29 02:43:05'),
	(79, 'Telêmetros', 'telemetros', NULL, 4, NULL, 1, '2025-03-29 02:43:05', '2025-03-29 02:43:05'),
	(80, 'Compressores de Ar', 'compressores-de-ar', NULL, 4, NULL, 1, '2025-03-29 02:43:05', '2025-03-29 02:43:05'),
	(81, 'Lixas, Lixadeiras Elétricas e Acessórios', 'lixas-lixadeiras-eletricas-e-acessorios', NULL, 4, NULL, 1, '2025-03-29 02:43:05', '2025-03-29 02:43:05'),
	(82, 'Ferramentas de Soldagem Elétrica', 'ferramentas-de-soldagem-eletrica', NULL, 4, NULL, 1, '2025-03-29 02:43:05', '2025-03-29 02:43:05'),
	(83, 'Sopradores', 'sopradores', NULL, 4, NULL, 1, '2025-03-29 02:43:05', '2025-03-29 02:43:05'),
	(84, 'Outros Ferramentas', 'outros-ferramentas', NULL, 4, NULL, 1, '2025-03-29 02:43:05', '2025-03-29 02:43:05'),
	(85, 'Luvas, Óculos e Máscaras de Proteção', 'luvas-oculos-e-mascaras-de-protecao', NULL, 4, NULL, 1, '2025-03-29 02:43:05', '2025-03-29 02:43:05'),
	(86, 'Materiais de Construção', 'materiais-de-construcao', NULL, 4, NULL, 1, '2025-03-29 02:43:05', '2025-03-29 02:43:05'),
	(87, 'Pias e Torneiras de Água', 'pias-e-torneiras-de-agua', NULL, 4, NULL, 1, '2025-03-29 02:43:05', '2025-03-29 02:43:05'),
	(88, 'Telhados e Pisos', 'telhados-e-pisos', NULL, 4, NULL, 1, '2025-03-29 02:43:05', '2025-03-29 02:43:05'),
	(89, 'Tintas e Revestimentos para Paredes', 'tintas-e-revestimentos-para-paredes', NULL, 4, NULL, 1, '2025-03-29 02:43:05', '2025-03-29 02:43:05'),
	(90, 'Cofres', 'cofres', NULL, 4, NULL, 1, '2025-03-29 02:43:05', '2025-03-29 02:43:05'),
	(91, 'Equipamentos Anti-Incêndio', 'equipamentos-anti-incendio', NULL, 4, NULL, 1, '2025-03-29 02:43:05', '2025-03-29 02:43:05'),
	(92, 'Ferragens e Fechaduras para Portas', 'ferragens-e-fechaduras-para-portas', NULL, 4, NULL, 1, '2025-03-29 02:43:05', '2025-03-29 02:43:05'),
	(93, 'Outras Segurança', 'outras-seguranca', NULL, 4, NULL, 1, '2025-03-29 02:43:05', '2025-03-29 02:43:05'),
	(94, 'Difusores e Queimadores de Óleo', 'difusores-e-queimadores-de-oleo', NULL, 5, NULL, 1, '2025-03-29 02:43:05', '2025-03-29 02:43:05'),
	(95, 'Óleos Essenciais', 'oleos-essenciais', NULL, 5, NULL, 1, '2025-03-29 02:43:05', '2025-03-29 02:43:05'),
	(96, 'Outras Fragrâncias', 'outras-fragrancias', NULL, 5, NULL, 1, '2025-03-29 02:43:05', '2025-03-29 02:43:05'),
	(97, 'Purificadores de Ar e Fragrâncias Caseiras', 'purificadores-de-ar-e-fragrancias-caseiras', NULL, 5, NULL, 1, '2025-03-29 02:43:05', '2025-03-29 02:43:05'),
	(98, 'Sala', 'sala', NULL, 6, NULL, 1, '2025-03-29 02:43:05', '2025-03-29 02:43:05'),
	(99, 'Quarto', 'quarto', NULL, 6, NULL, 1, '2025-03-29 02:43:05', '2025-03-29 02:43:05'),
	(100, 'Cortadores de Grama', 'cortadores-de-grama', NULL, 7, NULL, 1, '2025-03-29 02:43:05', '2025-03-29 02:43:05'),
	(101, 'Decorações de Jardim', 'decoracoes-de-jardim', NULL, 7, NULL, 1, '2025-03-29 02:43:05', '2025-03-29 02:43:05'),
	(102, 'Ferramentas de Jardinagem', 'ferramentas-de-jardinagem', NULL, 7, NULL, 1, '2025-03-29 02:43:05', '2025-03-29 02:43:05'),
	(103, 'Fertilizantes', 'fertilizantes', NULL, 7, NULL, 1, '2025-03-29 02:43:05', '2025-03-29 02:43:05'),
	(104, 'Outros Jardinagem', 'outros-jardinagem', NULL, 7, NULL, 1, '2025-03-29 02:43:05', '2025-03-29 02:43:05'),
	(105, 'Plantas', 'plantas', NULL, 7, NULL, 1, '2025-03-29 02:43:05', '2025-03-29 02:43:05'),
	(106, 'Sementes e Mudas', 'sementes-e-mudas', NULL, 7, NULL, 1, '2025-03-29 02:43:05', '2025-03-29 02:43:05'),
	(107, 'Sistemas de Irrigação', 'sistemas-de-irrigacao', NULL, 7, NULL, 1, '2025-03-29 02:43:05', '2025-03-29 02:43:05'),
	(108, 'Solos de Jardim e Meios de Cultivo', 'solos-de-jardim-e-meios-de-cultivo', NULL, 7, NULL, 1, '2025-03-29 02:43:05', '2025-03-29 02:43:05'),
	(109, 'Vasos e Plantadores', 'vasos-e-plantadores', NULL, 7, NULL, 1, '2025-03-29 02:43:05', '2025-03-29 02:43:05'),
	(110, 'Bacias, Baldes e Conchas de Água', 'bacias-baldes-e-conchas-de-agua', NULL, 8, NULL, 1, '2025-03-29 02:43:05', '2025-03-29 02:43:05'),
	(111, 'Escovas de Limpeza', 'escovas-de-limpeza', NULL, 8, NULL, 1, '2025-03-29 02:43:05', '2025-03-29 02:43:05'),
	(112, 'Esfregões', 'esfregoes', NULL, 8, NULL, 1, '2025-03-29 02:43:05', '2025-03-29 02:43:05'),
	(113, 'Espanadores', 'espanadores', NULL, 8, NULL, 1, '2025-03-29 02:43:05', '2025-03-29 02:43:05'),
	(114, 'Esponjas e Esfregões', 'esponjas-e-esfregoes', NULL, 8, NULL, 1, '2025-03-29 02:43:05', '2025-03-29 02:43:05'),
	(115, 'Lixos e Lixeiras', 'lixos-e-lixeiras', NULL, 8, NULL, 1, '2025-03-29 02:43:05', '2025-03-29 02:43:05'),
	(116, 'Outros Artigos de Cuidados', 'outros-artigos-de-cuidados', NULL, 8, NULL, 1, '2025-03-29 02:43:05', '2025-03-29 02:43:05'),
	(117, 'Panos de Prato e de Limpeza', 'panos-de-prato-e-de-limpeza', NULL, 8, NULL, 1, '2025-03-29 02:43:05', '2025-03-29 02:43:05'),
	(118, 'Papel Higiênico', 'papel-higienico', NULL, 8, NULL, 1, '2025-03-29 02:43:05', '2025-03-29 02:43:05'),
	(119, 'Produtos de Limpeza', 'produtos-de-limpeza', NULL, 8, NULL, 1, '2025-03-29 02:43:05', '2025-03-29 02:43:05'),
	(120, 'Sacos Plásticos e Sacos de Lixo', 'sacos-plasticos-e-sacos-de-lixo', NULL, 8, NULL, 1, '2025-03-29 02:43:05', '2025-03-29 02:43:05'),
	(121, 'Toalhas de Tecido e Papel', 'toalhas-de-tecido-e-papel', NULL, 8, NULL, 1, '2025-03-29 02:43:05', '2025-03-29 02:43:05'),
	(122, 'Varais, Estantes de Secagem e Pregadores', 'varais-estantes-de-secagem-e-pregadores', NULL, 8, NULL, 1, '2025-03-29 02:43:05', '2025-03-29 02:43:05'),
	(123, 'Vassouras', 'vassouras', NULL, 8, NULL, 1, '2025-03-29 02:43:05', '2025-03-29 02:43:05'),
	(124, 'Canudos', 'canudos', NULL, 9, NULL, 1, '2025-03-29 02:43:05', '2025-03-29 02:43:05'),
	(125, 'Copos e Taças', 'copos-e-tacas', NULL, 9, NULL, 1, '2025-03-29 02:43:05', '2025-03-29 02:43:05'),
	(126, 'Garrafas de Água e Acessórios', 'garrafas-de-agua-e-acessorios', NULL, 9, NULL, 1, '2025-03-29 02:43:05', '2025-03-29 02:43:05'),
	(127, 'Jarras e Acessórios', 'jarras-e-acessorios', NULL, 9, NULL, 1, '2025-03-29 02:43:05', '2025-03-29 02:43:05'),
	(128, 'Jogos Americanos e Descanso de Copos', 'jogos-americanos-e-descanso-de-copos', NULL, 9, NULL, 1, '2025-03-29 02:43:05', '2025-03-29 02:43:05'),
	(129, 'Outras Louças', 'outras-loucas', NULL, 9, NULL, 1, '2025-03-29 02:43:05', '2025-03-29 02:43:05'),
	(130, 'Pratos', 'pratos', NULL, 9, NULL, 1, '2025-03-29 02:43:05', '2025-03-29 02:43:05'),
	(131, 'Protetor para Alimentos', 'protetor-para-alimentos', NULL, 9, NULL, 1, '2025-03-29 02:43:05', '2025-03-29 02:43:05'),
	(132, 'Talheres', 'talheres', NULL, 9, NULL, 1, '2025-03-29 02:43:05', '2025-03-29 02:43:05'),
	(133, 'Tigelas', 'tigelas', NULL, 9, NULL, 1, '2025-03-29 02:43:05', '2025-03-29 02:43:05'),
	(134, 'Xícaras, Canecas e Jogos de Chá', 'xicaras-canecas-e-jogos-de-cha', NULL, 9, NULL, 1, '2025-03-29 02:43:05', '2025-03-29 02:43:05'),
	(135, 'Almofadas', 'almofadas', NULL, 10, NULL, 1, '2025-03-29 02:43:05', '2025-03-29 02:43:05'),
	(136, 'Armários e Gabinetes', 'armarios-e-gabinetes', NULL, 10, NULL, 1, '2025-03-29 02:43:05', '2025-03-29 02:43:05'),
	(137, 'Bancos, Cadeiras e Banquetas', 'bancos-cadeiras-e-banquetas', NULL, 10, NULL, 1, '2025-03-29 02:43:05', '2025-03-29 02:43:05'),
	(138, 'Batentes de Porta', 'batentes-de-porta', NULL, 10, NULL, 1, '2025-03-29 02:43:05', '2025-03-29 02:43:05'),
	(139, 'Escrivaninhas e Mesas', 'escrivaninhas-e-mesas', NULL, 10, NULL, 1, '2025-03-29 02:43:05', '2025-03-29 02:43:05'),
	(140, 'Estruturas de Cama, Cabeceiras e Colchões', 'estruturas-de-cama-cabeceiras-e-colchoes', NULL, 10, NULL, 1, '2025-03-29 02:43:05', '2025-03-29 02:43:05'),
	(141, 'Guarda-Roupas', 'guarda-roupas', NULL, 10, NULL, 1, '2025-03-29 02:43:05', '2025-03-29 02:43:05'),
	(142, 'Outros Móveis', 'outros-moveis', NULL, 10, NULL, 1, '2025-03-29 02:43:05', '2025-03-29 02:43:05'),
	(143, 'Prateleiras e Racks', 'prateleiras-e-racks', NULL, 10, NULL, 1, '2025-03-29 02:43:05', '2025-03-29 02:43:05'),
	(144, 'Sofás', 'sofas', NULL, 10, NULL, 1, '2025-03-29 02:43:05', '2025-03-29 02:43:05'),
	(145, 'Cabides', 'cabides', NULL, 11, NULL, 1, '2025-03-29 02:43:05', '2025-03-29 02:43:05'),
	(146, 'Caixas de Sapatos e Sapateiras', 'caixas-de-sapatos-e-sapateiras', NULL, 11, NULL, 1, '2025-03-29 02:43:05', '2025-03-29 02:43:05'),
	(147, 'Caixas, Bolsas e Cestas de Armazenamento', 'caixas-bolsas-e-cestas-de-armazenamento', NULL, 11, NULL, 1, '2025-03-29 02:43:05', '2025-03-29 02:43:05'),
	(148, 'Ganchos', 'ganchos', NULL, 11, NULL, 1, '2025-03-29 02:43:05', '2025-03-29 02:43:05'),
	(149, 'Organizadores de Guarda-Roupas', 'organizadores-de-guarda-roupas', NULL, 11, NULL, 1, '2025-03-29 02:43:05', '2025-03-29 02:43:05'),
	(150, 'Organizadores de Joias', 'organizadores-de-joias', NULL, 11, NULL, 1, '2025-03-29 02:43:05', '2025-03-29 02:43:05'),
	(151, 'Organizadores de Mesa', 'organizadores-de-mesa', NULL, 11, NULL, 1, '2025-03-29 02:43:05', '2025-03-29 02:43:05'),
	(152, 'Outros Organizadores', 'outros-organizadores', NULL, 11, NULL, 1, '2025-03-29 02:43:05', '2025-03-29 02:43:05'),
	(153, 'Porta-Papéis', 'porta-papeis', NULL, 11, NULL, 1, '2025-03-29 02:43:05', '2025-03-29 02:43:05'),
	(154, 'Sacos e Cestos de Roupa', 'sacos-e-cestos-de-roupa', NULL, 11, NULL, 1, '2025-03-29 02:43:05', '2025-03-29 02:43:05'),
	(155, 'Cobertores, Edredons e Colchas', 'cobertores-edredons-e-colchas', NULL, 12, NULL, 1, '2025-03-29 02:43:05', '2025-03-29 02:43:05'),
	(156, 'Esteiras de Resfriamento', 'esteiras-de-resfriamento', NULL, 12, NULL, 1, '2025-03-29 02:43:05', '2025-03-29 02:43:05'),
	(157, 'Lençóis e Fronhas de Travesseiros', 'lencois-e-fronhas-de-travesseiros', NULL, 12, NULL, 1, '2025-03-29 02:43:05', '2025-03-29 02:43:05'),
	(158, 'Outros Roupas de Cama', 'outros-roupas-de-cama', NULL, 12, NULL, 1, '2025-03-29 02:43:05', '2025-03-29 02:43:05'),
	(159, 'Protetores e Coberturas para Colchões', 'protetores-e-coberturas-para-colchoes', NULL, 12, NULL, 1, '2025-03-29 02:43:05', '2025-03-29 02:43:05'),
	(160, 'Redes Mosquiteiras', 'redes-mosquiteiras', NULL, 12, NULL, 1, '2025-03-29 02:43:05', '2025-03-29 02:43:05'),
	(161, 'Travesseiros', 'travesseiros', NULL, 12, NULL, 1, '2025-03-29 02:43:05', '2025-03-29 02:43:05'),
	(164, 'Cozinha', 'luminacao-cozinha', NULL, 6, NULL, 1, '2025-03-29 02:43:05', '2025-03-29 02:43:05'),
	(165, 'Jardins', 'luminacao-jardins', NULL, 6, NULL, 1, '2025-03-29 02:43:05', '2025-03-29 02:43:05');

-- Copiando estrutura para tabela decorishouse.category_mappings
CREATE TABLE IF NOT EXISTS `category_mappings` (
  `id` bigint(20) unsigned NOT NULL AUTO_INCREMENT,
  `category_id` bigint(20) unsigned NOT NULL,
  `integration_category_id` bigint(20) unsigned NOT NULL,
  `created_at` timestamp NULL DEFAULT NULL,
  `updated_at` timestamp NULL DEFAULT NULL,
  PRIMARY KEY (`id`),
  KEY `category_mappings_category_id_foreign` (`category_id`),
  KEY `category_mappings_integration_category_id_foreign` (`integration_category_id`),
  CONSTRAINT `category_mappings_category_id_foreign` FOREIGN KEY (`category_id`) REFERENCES `categories` (`id`) ON DELETE CASCADE,
  CONSTRAINT `category_mappings_integration_category_id_foreign` FOREIGN KEY (`integration_category_id`) REFERENCES `integration_categories` (`id`) ON DELETE CASCADE
) ENGINE=InnoDB AUTO_INCREMENT=457 DEFAULT CHARSET=utf8mb4 COLLATE=utf8mb4_unicode_ci;

-- Copiando dados para a tabela decorishouse.category_mappings: ~456 rows (aproximadamente)
INSERT INTO `category_mappings` (`id`, `category_id`, `integration_category_id`, `created_at`, `updated_at`) VALUES
	(1, 1, 1, '2025-03-29 02:43:05', '2025-03-29 02:43:05'),
	(2, 1, 2, '2025-03-29 02:43:05', '2025-03-29 02:43:05'),
	(3, 1, 3, '2025-03-29 02:43:05', '2025-03-29 02:43:05'),
	(4, 1, 4, '2025-03-29 02:43:05', '2025-03-29 02:43:05'),
	(5, 1, 5, '2025-03-29 02:43:05', '2025-03-29 02:43:05'),
	(6, 1, 6, '2025-03-29 02:43:05', '2025-03-29 02:43:05'),
	(7, 1, 7, '2025-03-29 02:43:05', '2025-03-29 02:43:05'),
	(8, 1, 8, '2025-03-29 02:43:05', '2025-03-29 02:43:05'),
	(9, 1, 9, '2025-03-29 02:43:05', '2025-03-29 02:43:05'),
	(10, 1, 10, '2025-03-29 02:43:05', '2025-03-29 02:43:05'),
	(11, 1, 11, '2025-03-29 02:43:05', '2025-03-29 02:43:05'),
	(12, 1, 12, '2025-03-29 02:43:05', '2025-03-29 02:43:05'),
	(13, 1, 13, '2025-03-29 02:43:05', '2025-03-29 02:43:05'),
	(14, 1, 14, '2025-03-29 02:43:05', '2025-03-29 02:43:05'),
	(15, 2, 15, '2025-03-29 02:43:05', '2025-03-29 02:43:05'),
	(16, 2, 16, '2025-03-29 02:43:05', '2025-03-29 02:43:05'),
	(17, 2, 17, '2025-03-29 02:43:05', '2025-03-29 02:43:05'),
	(18, 2, 18, '2025-03-29 02:43:05', '2025-03-29 02:43:05'),
	(19, 2, 19, '2025-03-29 02:43:05', '2025-03-29 02:43:05'),
	(20, 2, 20, '2025-03-29 02:43:05', '2025-03-29 02:43:05'),
	(21, 2, 21, '2025-03-29 02:43:05', '2025-03-29 02:43:05'),
	(22, 2, 22, '2025-03-29 02:43:05', '2025-03-29 02:43:05'),
	(23, 2, 23, '2025-03-29 02:43:05', '2025-03-29 02:43:05'),
	(24, 2, 24, '2025-03-29 02:43:05', '2025-03-29 02:43:05'),
	(25, 2, 25, '2025-03-29 02:43:05', '2025-03-29 02:43:05'),
	(26, 2, 26, '2025-03-29 02:43:05', '2025-03-29 02:43:05'),
	(27, 2, 27, '2025-03-29 02:43:05', '2025-03-29 02:43:05'),
	(28, 2, 28, '2025-03-29 02:43:05', '2025-03-29 02:43:05'),
	(29, 2, 29, '2025-03-29 02:43:05', '2025-03-29 02:43:05'),
	(30, 2, 30, '2025-03-29 02:43:05', '2025-03-29 02:43:05'),
	(31, 2, 31, '2025-03-29 02:43:05', '2025-03-29 02:43:05'),
	(32, 2, 32, '2025-03-29 02:43:05', '2025-03-29 02:43:05'),
	(33, 2, 33, '2025-03-29 02:43:05', '2025-03-29 02:43:05'),
	(34, 2, 34, '2025-03-29 02:43:05', '2025-03-29 02:43:05'),
	(35, 2, 35, '2025-03-29 02:43:05', '2025-03-29 02:43:05'),
	(36, 3, 36, '2025-03-29 02:43:05', '2025-03-29 02:43:05'),
	(37, 3, 37, '2025-03-29 02:43:05', '2025-03-29 02:43:05'),
	(38, 3, 38, '2025-03-29 02:43:05', '2025-03-29 02:43:05'),
	(39, 3, 39, '2025-03-29 02:43:05', '2025-03-29 02:43:05'),
	(40, 3, 40, '2025-03-29 02:43:05', '2025-03-29 02:43:05'),
	(41, 3, 41, '2025-03-29 02:43:05', '2025-03-29 02:43:05'),
	(42, 3, 42, '2025-03-29 02:43:05', '2025-03-29 02:43:05'),
	(43, 3, 43, '2025-03-29 02:43:05', '2025-03-29 02:43:05'),
	(44, 3, 44, '2025-03-29 02:43:05', '2025-03-29 02:43:05'),
	(45, 3, 45, '2025-03-29 02:43:05', '2025-03-29 02:43:05'),
	(46, 3, 46, '2025-03-29 02:43:05', '2025-03-29 02:43:05'),
	(47, 3, 47, '2025-03-29 02:43:05', '2025-03-29 02:43:05'),
	(48, 3, 48, '2025-03-29 02:43:05', '2025-03-29 02:43:05'),
	(49, 4, 49, '2025-03-29 02:43:05', '2025-03-29 02:43:05'),
	(50, 4, 50, '2025-03-29 02:43:05', '2025-03-29 02:43:05'),
	(51, 4, 51, '2025-03-29 02:43:05', '2025-03-29 02:43:05'),
	(52, 4, 52, '2025-03-29 02:43:05', '2025-03-29 02:43:05'),
	(53, 4, 53, '2025-03-29 02:43:05', '2025-03-29 02:43:05'),
	(54, 4, 54, '2025-03-29 02:43:05', '2025-03-29 02:43:05'),
	(55, 4, 55, '2025-03-29 02:43:05', '2025-03-29 02:43:05'),
	(56, 4, 56, '2025-03-29 02:43:05', '2025-03-29 02:43:05'),
	(57, 4, 57, '2025-03-29 02:43:05', '2025-03-29 02:43:05'),
	(58, 4, 58, '2025-03-29 02:43:05', '2025-03-29 02:43:05'),
	(59, 4, 59, '2025-03-29 02:43:05', '2025-03-29 02:43:05'),
	(60, 4, 60, '2025-03-29 02:43:05', '2025-03-29 02:43:05'),
	(61, 4, 61, '2025-03-29 02:43:05', '2025-03-29 02:43:05'),
	(62, 4, 62, '2025-03-29 02:43:05', '2025-03-29 02:43:05'),
	(63, 4, 63, '2025-03-29 02:43:05', '2025-03-29 02:43:05'),
	(64, 4, 64, '2025-03-29 02:43:05', '2025-03-29 02:43:05'),
	(65, 4, 65, '2025-03-29 02:43:05', '2025-03-29 02:43:05'),
	(66, 4, 66, '2025-03-29 02:43:05', '2025-03-29 02:43:05'),
	(67, 4, 67, '2025-03-29 02:43:05', '2025-03-29 02:43:05'),
	(68, 4, 68, '2025-03-29 02:43:05', '2025-03-29 02:43:05'),
	(69, 4, 69, '2025-03-29 02:43:05', '2025-03-29 02:43:05'),
	(70, 4, 70, '2025-03-29 02:43:05', '2025-03-29 02:43:05'),
	(71, 4, 71, '2025-03-29 02:43:05', '2025-03-29 02:43:05'),
	(72, 4, 72, '2025-03-29 02:43:05', '2025-03-29 02:43:05'),
	(73, 4, 73, '2025-03-29 02:43:05', '2025-03-29 02:43:05'),
	(74, 4, 74, '2025-03-29 02:43:05', '2025-03-29 02:43:05'),
	(75, 4, 75, '2025-03-29 02:43:05', '2025-03-29 02:43:05'),
	(76, 4, 76, '2025-03-29 02:43:05', '2025-03-29 02:43:05'),
	(77, 4, 77, '2025-03-29 02:43:05', '2025-03-29 02:43:05'),
	(78, 4, 78, '2025-03-29 02:43:05', '2025-03-29 02:43:05'),
	(79, 4, 79, '2025-03-29 02:43:05', '2025-03-29 02:43:05'),
	(80, 4, 80, '2025-03-29 02:43:05', '2025-03-29 02:43:05'),
	(81, 4, 81, '2025-03-29 02:43:05', '2025-03-29 02:43:05'),
	(82, 4, 82, '2025-03-29 02:43:05', '2025-03-29 02:43:05'),
	(83, 5, 83, '2025-03-29 02:43:05', '2025-03-29 02:43:05'),
	(84, 5, 84, '2025-03-29 02:43:05', '2025-03-29 02:43:05'),
	(85, 5, 85, '2025-03-29 02:43:05', '2025-03-29 02:43:05'),
	(86, 5, 86, '2025-03-29 02:43:05', '2025-03-29 02:43:05'),
	(87, 6, 87, '2025-03-29 02:43:05', '2025-03-29 02:43:05'),
	(88, 6, 87, '2025-03-29 02:43:05', '2025-03-29 02:43:05'),
	(89, 6, 87, '2025-03-29 02:43:05', '2025-03-29 02:43:05'),
	(90, 6, 87, '2025-03-29 02:43:05', '2025-03-29 02:43:05'),
	(91, 7, 88, '2025-03-29 02:43:05', '2025-03-29 02:43:05'),
	(92, 7, 89, '2025-03-29 02:43:05', '2025-03-29 02:43:05'),
	(93, 7, 90, '2025-03-29 02:43:05', '2025-03-29 02:43:05'),
	(94, 7, 91, '2025-03-29 02:43:05', '2025-03-29 02:43:05'),
	(95, 7, 92, '2025-03-29 02:43:05', '2025-03-29 02:43:05'),
	(96, 7, 93, '2025-03-29 02:43:05', '2025-03-29 02:43:05'),
	(97, 7, 94, '2025-03-29 02:43:05', '2025-03-29 02:43:05'),
	(98, 7, 95, '2025-03-29 02:43:05', '2025-03-29 02:43:05'),
	(99, 7, 96, '2025-03-29 02:43:05', '2025-03-29 02:43:05'),
	(100, 7, 97, '2025-03-29 02:43:05', '2025-03-29 02:43:05'),
	(101, 8, 98, '2025-03-29 02:43:05', '2025-03-29 02:43:05'),
	(102, 8, 99, '2025-03-29 02:43:05', '2025-03-29 02:43:05'),
	(103, 8, 100, '2025-03-29 02:43:05', '2025-03-29 02:43:05'),
	(104, 8, 101, '2025-03-29 02:43:05', '2025-03-29 02:43:05'),
	(105, 8, 102, '2025-03-29 02:43:05', '2025-03-29 02:43:05'),
	(106, 8, 103, '2025-03-29 02:43:05', '2025-03-29 02:43:05'),
	(107, 8, 104, '2025-03-29 02:43:05', '2025-03-29 02:43:05'),
	(108, 8, 105, '2025-03-29 02:43:05', '2025-03-29 02:43:05'),
	(109, 8, 106, '2025-03-29 02:43:05', '2025-03-29 02:43:05'),
	(110, 8, 107, '2025-03-29 02:43:05', '2025-03-29 02:43:05'),
	(111, 8, 108, '2025-03-29 02:43:05', '2025-03-29 02:43:05'),
	(112, 8, 109, '2025-03-29 02:43:05', '2025-03-29 02:43:05'),
	(113, 8, 110, '2025-03-29 02:43:05', '2025-03-29 02:43:05'),
	(114, 8, 111, '2025-03-29 02:43:05', '2025-03-29 02:43:05'),
	(115, 9, 112, '2025-03-29 02:43:05', '2025-03-29 02:43:05'),
	(116, 9, 113, '2025-03-29 02:43:05', '2025-03-29 02:43:05'),
	(117, 9, 114, '2025-03-29 02:43:05', '2025-03-29 02:43:05'),
	(118, 9, 115, '2025-03-29 02:43:05', '2025-03-29 02:43:05'),
	(119, 9, 116, '2025-03-29 02:43:05', '2025-03-29 02:43:05'),
	(120, 9, 117, '2025-03-29 02:43:05', '2025-03-29 02:43:05'),
	(121, 9, 118, '2025-03-29 02:43:05', '2025-03-29 02:43:05'),
	(122, 9, 119, '2025-03-29 02:43:05', '2025-03-29 02:43:05'),
	(123, 9, 120, '2025-03-29 02:43:05', '2025-03-29 02:43:05'),
	(124, 9, 121, '2025-03-29 02:43:05', '2025-03-29 02:43:05'),
	(125, 9, 122, '2025-03-29 02:43:05', '2025-03-29 02:43:05'),
	(126, 10, 123, '2025-03-29 02:43:05', '2025-03-29 02:43:05'),
	(127, 10, 124, '2025-03-29 02:43:05', '2025-03-29 02:43:05'),
	(128, 10, 125, '2025-03-29 02:43:05', '2025-03-29 02:43:05'),
	(129, 10, 126, '2025-03-29 02:43:05', '2025-03-29 02:43:05'),
	(130, 10, 127, '2025-03-29 02:43:05', '2025-03-29 02:43:05'),
	(131, 10, 128, '2025-03-29 02:43:05', '2025-03-29 02:43:05'),
	(132, 10, 129, '2025-03-29 02:43:05', '2025-03-29 02:43:05'),
	(133, 10, 130, '2025-03-29 02:43:05', '2025-03-29 02:43:05'),
	(134, 10, 131, '2025-03-29 02:43:05', '2025-03-29 02:43:05'),
	(135, 10, 132, '2025-03-29 02:43:05', '2025-03-29 02:43:05'),
	(136, 11, 133, '2025-03-29 02:43:05', '2025-03-29 02:43:05'),
	(137, 11, 134, '2025-03-29 02:43:05', '2025-03-29 02:43:05'),
	(138, 11, 135, '2025-03-29 02:43:05', '2025-03-29 02:43:05'),
	(139, 11, 136, '2025-03-29 02:43:05', '2025-03-29 02:43:05'),
	(140, 11, 137, '2025-03-29 02:43:05', '2025-03-29 02:43:05'),
	(141, 11, 138, '2025-03-29 02:43:05', '2025-03-29 02:43:05'),
	(142, 11, 139, '2025-03-29 02:43:05', '2025-03-29 02:43:05'),
	(143, 11, 140, '2025-03-29 02:43:05', '2025-03-29 02:43:05'),
	(144, 11, 141, '2025-03-29 02:43:05', '2025-03-29 02:43:05'),
	(145, 11, 142, '2025-03-29 02:43:05', '2025-03-29 02:43:05'),
	(146, 12, 143, '2025-03-29 02:43:05', '2025-03-29 02:43:05'),
	(147, 12, 144, '2025-03-29 02:43:05', '2025-03-29 02:43:05'),
	(148, 12, 145, '2025-03-29 02:43:05', '2025-03-29 02:43:05'),
	(149, 12, 146, '2025-03-29 02:43:05', '2025-03-29 02:43:05'),
	(150, 12, 147, '2025-03-29 02:43:05', '2025-03-29 02:43:05'),
	(151, 12, 148, '2025-03-29 02:43:05', '2025-03-29 02:43:05'),
	(152, 12, 149, '2025-03-29 02:43:05', '2025-03-29 02:43:05'),
	(153, 1, 1, '2025-03-28 23:54:01', '2025-03-28 23:54:01'),
	(154, 1, 2, '2025-03-28 23:54:01', '2025-03-28 23:54:01'),
	(155, 1, 3, '2025-03-28 23:54:01', '2025-03-28 23:54:01'),
	(156, 1, 4, '2025-03-28 23:54:01', '2025-03-28 23:54:01'),
	(157, 1, 5, '2025-03-28 23:54:01', '2025-03-28 23:54:01'),
	(158, 1, 6, '2025-03-28 23:54:01', '2025-03-28 23:54:01'),
	(159, 1, 7, '2025-03-28 23:54:01', '2025-03-28 23:54:01'),
	(160, 1, 8, '2025-03-28 23:54:01', '2025-03-28 23:54:01'),
	(161, 1, 9, '2025-03-28 23:54:01', '2025-03-28 23:54:01'),
	(162, 1, 10, '2025-03-28 23:54:01', '2025-03-28 23:54:01'),
	(163, 1, 11, '2025-03-28 23:54:01', '2025-03-28 23:54:01'),
	(164, 1, 12, '2025-03-28 23:54:01', '2025-03-28 23:54:01'),
	(165, 1, 13, '2025-03-28 23:54:01', '2025-03-28 23:54:01'),
	(166, 1, 14, '2025-03-28 23:54:01', '2025-03-28 23:54:01'),
	(167, 2, 15, '2025-03-28 23:54:01', '2025-03-28 23:54:01'),
	(168, 2, 16, '2025-03-28 23:54:01', '2025-03-28 23:54:01'),
	(169, 2, 17, '2025-03-28 23:54:01', '2025-03-28 23:54:01'),
	(170, 2, 18, '2025-03-28 23:54:01', '2025-03-28 23:54:01'),
	(171, 2, 19, '2025-03-28 23:54:01', '2025-03-28 23:54:01'),
	(172, 2, 20, '2025-03-28 23:54:01', '2025-03-28 23:54:01'),
	(173, 2, 21, '2025-03-28 23:54:01', '2025-03-28 23:54:01'),
	(174, 2, 22, '2025-03-28 23:54:01', '2025-03-28 23:54:01'),
	(175, 2, 23, '2025-03-28 23:54:01', '2025-03-28 23:54:01'),
	(176, 2, 24, '2025-03-28 23:54:01', '2025-03-28 23:54:01'),
	(177, 2, 25, '2025-03-28 23:54:01', '2025-03-28 23:54:01'),
	(178, 2, 26, '2025-03-28 23:54:01', '2025-03-28 23:54:01'),
	(179, 2, 27, '2025-03-28 23:54:01', '2025-03-28 23:54:01'),
	(180, 2, 28, '2025-03-28 23:54:01', '2025-03-28 23:54:01'),
	(181, 2, 29, '2025-03-28 23:54:01', '2025-03-28 23:54:01'),
	(182, 2, 30, '2025-03-28 23:54:01', '2025-03-28 23:54:01'),
	(183, 2, 31, '2025-03-28 23:54:01', '2025-03-28 23:54:01'),
	(184, 2, 32, '2025-03-28 23:54:01', '2025-03-28 23:54:01'),
	(185, 2, 33, '2025-03-28 23:54:01', '2025-03-28 23:54:01'),
	(186, 2, 34, '2025-03-28 23:54:01', '2025-03-28 23:54:01'),
	(187, 2, 35, '2025-03-28 23:54:01', '2025-03-28 23:54:01'),
	(188, 3, 36, '2025-03-28 23:54:01', '2025-03-28 23:54:01'),
	(189, 3, 37, '2025-03-28 23:54:01', '2025-03-28 23:54:01'),
	(190, 3, 38, '2025-03-28 23:54:01', '2025-03-28 23:54:01'),
	(191, 3, 39, '2025-03-28 23:54:01', '2025-03-28 23:54:01'),
	(192, 3, 40, '2025-03-28 23:54:01', '2025-03-28 23:54:01'),
	(193, 3, 41, '2025-03-28 23:54:01', '2025-03-28 23:54:01'),
	(194, 3, 42, '2025-03-28 23:54:01', '2025-03-28 23:54:01'),
	(195, 3, 43, '2025-03-28 23:54:01', '2025-03-28 23:54:01'),
	(196, 3, 44, '2025-03-28 23:54:01', '2025-03-28 23:54:01'),
	(197, 3, 45, '2025-03-28 23:54:01', '2025-03-28 23:54:01'),
	(198, 3, 46, '2025-03-28 23:54:01', '2025-03-28 23:54:01'),
	(199, 3, 47, '2025-03-28 23:54:01', '2025-03-28 23:54:01'),
	(200, 3, 48, '2025-03-28 23:54:01', '2025-03-28 23:54:01'),
	(201, 4, 49, '2025-03-28 23:54:01', '2025-03-28 23:54:01'),
	(202, 4, 50, '2025-03-28 23:54:01', '2025-03-28 23:54:01'),
	(203, 4, 51, '2025-03-28 23:54:01', '2025-03-28 23:54:01'),
	(204, 4, 52, '2025-03-28 23:54:01', '2025-03-28 23:54:01'),
	(205, 4, 53, '2025-03-28 23:54:01', '2025-03-28 23:54:01'),
	(206, 4, 54, '2025-03-28 23:54:01', '2025-03-28 23:54:01'),
	(207, 4, 55, '2025-03-28 23:54:01', '2025-03-28 23:54:01'),
	(208, 4, 56, '2025-03-28 23:54:01', '2025-03-28 23:54:01'),
	(209, 4, 57, '2025-03-28 23:54:01', '2025-03-28 23:54:01'),
	(210, 4, 58, '2025-03-28 23:54:01', '2025-03-28 23:54:01'),
	(211, 4, 59, '2025-03-28 23:54:01', '2025-03-28 23:54:01'),
	(212, 4, 60, '2025-03-28 23:54:01', '2025-03-28 23:54:01'),
	(213, 4, 61, '2025-03-28 23:54:01', '2025-03-28 23:54:01'),
	(214, 4, 62, '2025-03-28 23:54:01', '2025-03-28 23:54:01'),
	(215, 4, 63, '2025-03-28 23:54:01', '2025-03-28 23:54:01'),
	(216, 4, 64, '2025-03-28 23:54:01', '2025-03-28 23:54:01'),
	(217, 4, 65, '2025-03-28 23:54:01', '2025-03-28 23:54:01'),
	(218, 4, 66, '2025-03-28 23:54:01', '2025-03-28 23:54:01'),
	(219, 4, 67, '2025-03-28 23:54:01', '2025-03-28 23:54:01'),
	(220, 4, 68, '2025-03-28 23:54:01', '2025-03-28 23:54:01'),
	(221, 4, 69, '2025-03-28 23:54:01', '2025-03-28 23:54:01'),
	(222, 4, 70, '2025-03-28 23:54:01', '2025-03-28 23:54:01'),
	(223, 4, 71, '2025-03-28 23:54:01', '2025-03-28 23:54:01'),
	(224, 4, 72, '2025-03-28 23:54:01', '2025-03-28 23:54:01'),
	(225, 4, 73, '2025-03-28 23:54:01', '2025-03-28 23:54:01'),
	(226, 4, 74, '2025-03-28 23:54:01', '2025-03-28 23:54:01'),
	(227, 4, 75, '2025-03-28 23:54:01', '2025-03-28 23:54:01'),
	(228, 4, 76, '2025-03-28 23:54:01', '2025-03-28 23:54:01'),
	(229, 4, 77, '2025-03-28 23:54:01', '2025-03-28 23:54:01'),
	(230, 4, 78, '2025-03-28 23:54:01', '2025-03-28 23:54:01'),
	(231, 4, 79, '2025-03-28 23:54:01', '2025-03-28 23:54:01'),
	(232, 4, 80, '2025-03-28 23:54:01', '2025-03-28 23:54:01'),
	(233, 4, 81, '2025-03-28 23:54:01', '2025-03-28 23:54:01'),
	(234, 4, 82, '2025-03-28 23:54:01', '2025-03-28 23:54:01'),
	(235, 5, 83, '2025-03-28 23:54:01', '2025-03-28 23:54:01'),
	(236, 5, 84, '2025-03-28 23:54:01', '2025-03-28 23:54:01'),
	(237, 5, 85, '2025-03-28 23:54:01', '2025-03-28 23:54:01'),
	(238, 5, 86, '2025-03-28 23:54:01', '2025-03-28 23:54:01'),
	(239, 6, 87, '2025-03-28 23:54:01', '2025-03-28 23:54:01'),
	(240, 6, 87, '2025-03-28 23:54:01', '2025-03-28 23:54:01'),
	(241, 6, 87, '2025-03-28 23:54:01', '2025-03-28 23:54:01'),
	(242, 6, 87, '2025-03-28 23:54:01', '2025-03-28 23:54:01'),
	(243, 7, 88, '2025-03-28 23:54:01', '2025-03-28 23:54:01'),
	(244, 7, 89, '2025-03-28 23:54:01', '2025-03-28 23:54:01'),
	(245, 7, 90, '2025-03-28 23:54:01', '2025-03-28 23:54:01'),
	(246, 7, 91, '2025-03-28 23:54:01', '2025-03-28 23:54:01'),
	(247, 7, 92, '2025-03-28 23:54:01', '2025-03-28 23:54:01'),
	(248, 7, 93, '2025-03-28 23:54:01', '2025-03-28 23:54:01'),
	(249, 7, 94, '2025-03-28 23:54:01', '2025-03-28 23:54:01'),
	(250, 7, 95, '2025-03-28 23:54:01', '2025-03-28 23:54:01'),
	(251, 7, 96, '2025-03-28 23:54:01', '2025-03-28 23:54:01'),
	(252, 7, 97, '2025-03-28 23:54:01', '2025-03-28 23:54:01'),
	(253, 8, 98, '2025-03-28 23:54:01', '2025-03-28 23:54:01'),
	(254, 8, 99, '2025-03-28 23:54:01', '2025-03-28 23:54:01'),
	(255, 8, 100, '2025-03-28 23:54:01', '2025-03-28 23:54:01'),
	(256, 8, 101, '2025-03-28 23:54:01', '2025-03-28 23:54:01'),
	(257, 8, 102, '2025-03-28 23:54:01', '2025-03-28 23:54:01'),
	(258, 8, 103, '2025-03-28 23:54:01', '2025-03-28 23:54:01'),
	(259, 8, 104, '2025-03-28 23:54:01', '2025-03-28 23:54:01'),
	(260, 8, 105, '2025-03-28 23:54:01', '2025-03-28 23:54:01'),
	(261, 8, 106, '2025-03-28 23:54:01', '2025-03-28 23:54:01'),
	(262, 8, 107, '2025-03-28 23:54:01', '2025-03-28 23:54:01'),
	(263, 8, 108, '2025-03-28 23:54:01', '2025-03-28 23:54:01'),
	(264, 8, 109, '2025-03-28 23:54:01', '2025-03-28 23:54:01'),
	(265, 8, 110, '2025-03-28 23:54:01', '2025-03-28 23:54:01'),
	(266, 8, 111, '2025-03-28 23:54:01', '2025-03-28 23:54:01'),
	(267, 9, 112, '2025-03-28 23:54:01', '2025-03-28 23:54:01'),
	(268, 9, 113, '2025-03-28 23:54:01', '2025-03-28 23:54:01'),
	(269, 9, 114, '2025-03-28 23:54:01', '2025-03-28 23:54:01'),
	(270, 9, 115, '2025-03-28 23:54:01', '2025-03-28 23:54:01'),
	(271, 9, 116, '2025-03-28 23:54:01', '2025-03-28 23:54:01'),
	(272, 9, 117, '2025-03-28 23:54:01', '2025-03-28 23:54:01'),
	(273, 9, 118, '2025-03-28 23:54:01', '2025-03-28 23:54:01'),
	(274, 9, 119, '2025-03-28 23:54:01', '2025-03-28 23:54:01'),
	(275, 9, 120, '2025-03-28 23:54:01', '2025-03-28 23:54:01'),
	(276, 9, 121, '2025-03-28 23:54:01', '2025-03-28 23:54:01'),
	(277, 9, 122, '2025-03-28 23:54:01', '2025-03-28 23:54:01'),
	(278, 10, 123, '2025-03-28 23:54:01', '2025-03-28 23:54:01'),
	(279, 10, 124, '2025-03-28 23:54:01', '2025-03-28 23:54:01'),
	(280, 10, 125, '2025-03-28 23:54:01', '2025-03-28 23:54:01'),
	(281, 10, 126, '2025-03-28 23:54:01', '2025-03-28 23:54:01'),
	(282, 10, 127, '2025-03-28 23:54:01', '2025-03-28 23:54:01'),
	(283, 10, 128, '2025-03-28 23:54:01', '2025-03-28 23:54:01'),
	(284, 10, 129, '2025-03-28 23:54:01', '2025-03-28 23:54:01'),
	(285, 10, 130, '2025-03-28 23:54:01', '2025-03-28 23:54:01'),
	(286, 10, 131, '2025-03-28 23:54:01', '2025-03-28 23:54:01'),
	(287, 10, 132, '2025-03-28 23:54:01', '2025-03-28 23:54:01'),
	(288, 11, 133, '2025-03-28 23:54:01', '2025-03-28 23:54:01'),
	(289, 11, 134, '2025-03-28 23:54:01', '2025-03-28 23:54:01'),
	(290, 11, 135, '2025-03-28 23:54:01', '2025-03-28 23:54:01'),
	(291, 11, 136, '2025-03-28 23:54:01', '2025-03-28 23:54:01'),
	(292, 11, 137, '2025-03-28 23:54:01', '2025-03-28 23:54:01'),
	(293, 11, 138, '2025-03-28 23:54:01', '2025-03-28 23:54:01'),
	(294, 11, 139, '2025-03-28 23:54:01', '2025-03-28 23:54:01'),
	(295, 11, 140, '2025-03-28 23:54:01', '2025-03-28 23:54:01'),
	(296, 11, 141, '2025-03-28 23:54:01', '2025-03-28 23:54:01'),
	(297, 11, 142, '2025-03-28 23:54:01', '2025-03-28 23:54:01'),
	(298, 12, 143, '2025-03-28 23:54:01', '2025-03-28 23:54:01'),
	(299, 12, 144, '2025-03-28 23:54:01', '2025-03-28 23:54:01'),
	(300, 12, 145, '2025-03-28 23:54:01', '2025-03-28 23:54:01'),
	(301, 12, 146, '2025-03-28 23:54:01', '2025-03-28 23:54:01'),
	(302, 12, 147, '2025-03-28 23:54:01', '2025-03-28 23:54:01'),
	(303, 12, 148, '2025-03-28 23:54:01', '2025-03-28 23:54:01'),
	(304, 12, 149, '2025-03-28 23:54:01', '2025-03-28 23:54:01'),
	(305, 1, 1, '2025-03-28 23:55:25', '2025-03-28 23:55:25'),
	(306, 1, 2, '2025-03-28 23:55:25', '2025-03-28 23:55:25'),
	(307, 1, 3, '2025-03-28 23:55:25', '2025-03-28 23:55:25'),
	(308, 1, 4, '2025-03-28 23:55:25', '2025-03-28 23:55:25'),
	(309, 1, 5, '2025-03-28 23:55:25', '2025-03-28 23:55:25'),
	(310, 1, 6, '2025-03-28 23:55:25', '2025-03-28 23:55:25'),
	(311, 1, 7, '2025-03-28 23:55:25', '2025-03-28 23:55:25'),
	(312, 1, 8, '2025-03-28 23:55:25', '2025-03-28 23:55:25'),
	(313, 1, 9, '2025-03-28 23:55:25', '2025-03-28 23:55:25'),
	(314, 1, 10, '2025-03-28 23:55:25', '2025-03-28 23:55:25'),
	(315, 1, 11, '2025-03-28 23:55:25', '2025-03-28 23:55:25'),
	(316, 1, 12, '2025-03-28 23:55:25', '2025-03-28 23:55:25'),
	(317, 1, 13, '2025-03-28 23:55:25', '2025-03-28 23:55:25'),
	(318, 1, 14, '2025-03-28 23:55:25', '2025-03-28 23:55:25'),
	(319, 2, 15, '2025-03-28 23:55:25', '2025-03-28 23:55:25'),
	(320, 2, 16, '2025-03-28 23:55:25', '2025-03-28 23:55:25'),
	(321, 2, 17, '2025-03-28 23:55:25', '2025-03-28 23:55:25'),
	(322, 2, 18, '2025-03-28 23:55:25', '2025-03-28 23:55:25'),
	(323, 2, 19, '2025-03-28 23:55:25', '2025-03-28 23:55:25'),
	(324, 2, 20, '2025-03-28 23:55:25', '2025-03-28 23:55:25'),
	(325, 2, 21, '2025-03-28 23:55:25', '2025-03-28 23:55:25'),
	(326, 2, 22, '2025-03-28 23:55:25', '2025-03-28 23:55:25'),
	(327, 2, 23, '2025-03-28 23:55:25', '2025-03-28 23:55:25'),
	(328, 2, 24, '2025-03-28 23:55:25', '2025-03-28 23:55:25'),
	(329, 2, 25, '2025-03-28 23:55:25', '2025-03-28 23:55:25'),
	(330, 2, 26, '2025-03-28 23:55:25', '2025-03-28 23:55:25'),
	(331, 2, 27, '2025-03-28 23:55:25', '2025-03-28 23:55:25'),
	(332, 2, 28, '2025-03-28 23:55:25', '2025-03-28 23:55:25'),
	(333, 2, 29, '2025-03-28 23:55:25', '2025-03-28 23:55:25'),
	(334, 2, 30, '2025-03-28 23:55:25', '2025-03-28 23:55:25'),
	(335, 2, 31, '2025-03-28 23:55:25', '2025-03-28 23:55:25'),
	(336, 2, 32, '2025-03-28 23:55:25', '2025-03-28 23:55:25'),
	(337, 2, 33, '2025-03-28 23:55:25', '2025-03-28 23:55:25'),
	(338, 2, 34, '2025-03-28 23:55:25', '2025-03-28 23:55:25'),
	(339, 2, 35, '2025-03-28 23:55:25', '2025-03-28 23:55:25'),
	(340, 3, 36, '2025-03-28 23:55:25', '2025-03-28 23:55:25'),
	(341, 3, 37, '2025-03-28 23:55:25', '2025-03-28 23:55:25'),
	(342, 3, 38, '2025-03-28 23:55:25', '2025-03-28 23:55:25'),
	(343, 3, 39, '2025-03-28 23:55:25', '2025-03-28 23:55:25'),
	(344, 3, 40, '2025-03-28 23:55:25', '2025-03-28 23:55:25'),
	(345, 3, 41, '2025-03-28 23:55:25', '2025-03-28 23:55:25'),
	(346, 3, 42, '2025-03-28 23:55:25', '2025-03-28 23:55:25'),
	(347, 3, 43, '2025-03-28 23:55:25', '2025-03-28 23:55:25'),
	(348, 3, 44, '2025-03-28 23:55:25', '2025-03-28 23:55:25'),
	(349, 3, 45, '2025-03-28 23:55:25', '2025-03-28 23:55:25'),
	(350, 3, 46, '2025-03-28 23:55:25', '2025-03-28 23:55:25'),
	(351, 3, 47, '2025-03-28 23:55:25', '2025-03-28 23:55:25'),
	(352, 3, 48, '2025-03-28 23:55:25', '2025-03-28 23:55:25'),
	(353, 4, 49, '2025-03-28 23:55:25', '2025-03-28 23:55:25'),
	(354, 4, 50, '2025-03-28 23:55:25', '2025-03-28 23:55:25'),
	(355, 4, 51, '2025-03-28 23:55:25', '2025-03-28 23:55:25'),
	(356, 4, 52, '2025-03-28 23:55:25', '2025-03-28 23:55:25'),
	(357, 4, 53, '2025-03-28 23:55:25', '2025-03-28 23:55:25'),
	(358, 4, 54, '2025-03-28 23:55:25', '2025-03-28 23:55:25'),
	(359, 4, 55, '2025-03-28 23:55:25', '2025-03-28 23:55:25'),
	(360, 4, 56, '2025-03-28 23:55:25', '2025-03-28 23:55:25'),
	(361, 4, 57, '2025-03-28 23:55:25', '2025-03-28 23:55:25'),
	(362, 4, 58, '2025-03-28 23:55:25', '2025-03-28 23:55:25'),
	(363, 4, 59, '2025-03-28 23:55:25', '2025-03-28 23:55:25'),
	(364, 4, 60, '2025-03-28 23:55:25', '2025-03-28 23:55:25'),
	(365, 4, 61, '2025-03-28 23:55:25', '2025-03-28 23:55:25'),
	(366, 4, 62, '2025-03-28 23:55:25', '2025-03-28 23:55:25'),
	(367, 4, 63, '2025-03-28 23:55:25', '2025-03-28 23:55:25'),
	(368, 4, 64, '2025-03-28 23:55:25', '2025-03-28 23:55:25'),
	(369, 4, 65, '2025-03-28 23:55:25', '2025-03-28 23:55:25'),
	(370, 4, 66, '2025-03-28 23:55:25', '2025-03-28 23:55:25'),
	(371, 4, 67, '2025-03-28 23:55:25', '2025-03-28 23:55:25'),
	(372, 4, 68, '2025-03-28 23:55:25', '2025-03-28 23:55:25'),
	(373, 4, 69, '2025-03-28 23:55:25', '2025-03-28 23:55:25'),
	(374, 4, 70, '2025-03-28 23:55:25', '2025-03-28 23:55:25'),
	(375, 4, 71, '2025-03-28 23:55:25', '2025-03-28 23:55:25'),
	(376, 4, 72, '2025-03-28 23:55:25', '2025-03-28 23:55:25'),
	(377, 4, 73, '2025-03-28 23:55:25', '2025-03-28 23:55:25'),
	(378, 4, 74, '2025-03-28 23:55:25', '2025-03-28 23:55:25'),
	(379, 4, 75, '2025-03-28 23:55:25', '2025-03-28 23:55:25'),
	(380, 4, 76, '2025-03-28 23:55:25', '2025-03-28 23:55:25'),
	(381, 4, 77, '2025-03-28 23:55:25', '2025-03-28 23:55:25'),
	(382, 4, 78, '2025-03-28 23:55:25', '2025-03-28 23:55:25'),
	(383, 4, 79, '2025-03-28 23:55:25', '2025-03-28 23:55:25'),
	(384, 4, 80, '2025-03-28 23:55:25', '2025-03-28 23:55:25'),
	(385, 4, 81, '2025-03-28 23:55:25', '2025-03-28 23:55:25'),
	(386, 4, 82, '2025-03-28 23:55:25', '2025-03-28 23:55:25'),
	(387, 5, 83, '2025-03-28 23:55:25', '2025-03-28 23:55:25'),
	(388, 5, 84, '2025-03-28 23:55:25', '2025-03-28 23:55:25'),
	(389, 5, 85, '2025-03-28 23:55:25', '2025-03-28 23:55:25'),
	(390, 5, 86, '2025-03-28 23:55:25', '2025-03-28 23:55:25'),
	(391, 6, 87, '2025-03-28 23:55:25', '2025-03-28 23:55:25'),
	(392, 6, 87, '2025-03-28 23:55:25', '2025-03-28 23:55:25'),
	(393, 6, 87, '2025-03-28 23:55:25', '2025-03-28 23:55:25'),
	(394, 6, 87, '2025-03-28 23:55:25', '2025-03-28 23:55:25'),
	(395, 7, 88, '2025-03-28 23:55:25', '2025-03-28 23:55:25'),
	(396, 7, 89, '2025-03-28 23:55:25', '2025-03-28 23:55:25'),
	(397, 7, 90, '2025-03-28 23:55:25', '2025-03-28 23:55:25'),
	(398, 7, 91, '2025-03-28 23:55:25', '2025-03-28 23:55:25'),
	(399, 7, 92, '2025-03-28 23:55:25', '2025-03-28 23:55:25'),
	(400, 7, 93, '2025-03-28 23:55:25', '2025-03-28 23:55:25'),
	(401, 7, 94, '2025-03-28 23:55:25', '2025-03-28 23:55:25'),
	(402, 7, 95, '2025-03-28 23:55:25', '2025-03-28 23:55:25'),
	(403, 7, 96, '2025-03-28 23:55:25', '2025-03-28 23:55:25'),
	(404, 7, 97, '2025-03-28 23:55:25', '2025-03-28 23:55:25'),
	(405, 8, 98, '2025-03-28 23:55:25', '2025-03-28 23:55:25'),
	(406, 8, 99, '2025-03-28 23:55:25', '2025-03-28 23:55:25'),
	(407, 8, 100, '2025-03-28 23:55:25', '2025-03-28 23:55:25'),
	(408, 8, 101, '2025-03-28 23:55:25', '2025-03-28 23:55:25'),
	(409, 8, 102, '2025-03-28 23:55:25', '2025-03-28 23:55:25'),
	(410, 8, 103, '2025-03-28 23:55:25', '2025-03-28 23:55:25'),
	(411, 8, 104, '2025-03-28 23:55:25', '2025-03-28 23:55:25'),
	(412, 8, 105, '2025-03-28 23:55:25', '2025-03-28 23:55:25'),
	(413, 8, 106, '2025-03-28 23:55:25', '2025-03-28 23:55:25'),
	(414, 8, 107, '2025-03-28 23:55:25', '2025-03-28 23:55:25'),
	(415, 8, 108, '2025-03-28 23:55:25', '2025-03-28 23:55:25'),
	(416, 8, 109, '2025-03-28 23:55:25', '2025-03-28 23:55:25'),
	(417, 8, 110, '2025-03-28 23:55:25', '2025-03-28 23:55:25'),
	(418, 8, 111, '2025-03-28 23:55:25', '2025-03-28 23:55:25'),
	(419, 9, 112, '2025-03-28 23:55:25', '2025-03-28 23:55:25'),
	(420, 9, 113, '2025-03-28 23:55:25', '2025-03-28 23:55:25'),
	(421, 9, 114, '2025-03-28 23:55:25', '2025-03-28 23:55:25'),
	(422, 9, 115, '2025-03-28 23:55:25', '2025-03-28 23:55:25'),
	(423, 9, 116, '2025-03-28 23:55:25', '2025-03-28 23:55:25'),
	(424, 9, 117, '2025-03-28 23:55:25', '2025-03-28 23:55:25'),
	(425, 9, 118, '2025-03-28 23:55:25', '2025-03-28 23:55:25'),
	(426, 9, 119, '2025-03-28 23:55:25', '2025-03-28 23:55:25'),
	(427, 9, 120, '2025-03-28 23:55:25', '2025-03-28 23:55:25'),
	(428, 9, 121, '2025-03-28 23:55:25', '2025-03-28 23:55:25'),
	(429, 9, 122, '2025-03-28 23:55:25', '2025-03-28 23:55:25'),
	(430, 10, 123, '2025-03-28 23:55:25', '2025-03-28 23:55:25'),
	(431, 10, 124, '2025-03-28 23:55:25', '2025-03-28 23:55:25'),
	(432, 10, 125, '2025-03-28 23:55:25', '2025-03-28 23:55:25'),
	(433, 10, 126, '2025-03-28 23:55:25', '2025-03-28 23:55:25'),
	(434, 10, 127, '2025-03-28 23:55:25', '2025-03-28 23:55:25'),
	(435, 10, 128, '2025-03-28 23:55:25', '2025-03-28 23:55:25'),
	(436, 10, 129, '2025-03-28 23:55:25', '2025-03-28 23:55:25'),
	(437, 10, 130, '2025-03-28 23:55:25', '2025-03-28 23:55:25'),
	(438, 10, 131, '2025-03-28 23:55:25', '2025-03-28 23:55:25'),
	(439, 10, 132, '2025-03-28 23:55:25', '2025-03-28 23:55:25'),
	(440, 11, 133, '2025-03-28 23:55:25', '2025-03-28 23:55:25'),
	(441, 11, 134, '2025-03-28 23:55:25', '2025-03-28 23:55:25'),
	(442, 11, 135, '2025-03-28 23:55:25', '2025-03-28 23:55:25'),
	(443, 11, 136, '2025-03-28 23:55:25', '2025-03-28 23:55:25'),
	(444, 11, 137, '2025-03-28 23:55:25', '2025-03-28 23:55:25'),
	(445, 11, 138, '2025-03-28 23:55:25', '2025-03-28 23:55:25'),
	(446, 11, 139, '2025-03-28 23:55:25', '2025-03-28 23:55:25'),
	(447, 11, 140, '2025-03-28 23:55:25', '2025-03-28 23:55:25'),
	(448, 11, 141, '2025-03-28 23:55:25', '2025-03-28 23:55:25'),
	(449, 11, 142, '2025-03-28 23:55:25', '2025-03-28 23:55:25'),
	(450, 12, 143, '2025-03-28 23:55:25', '2025-03-28 23:55:25'),
	(451, 12, 144, '2025-03-28 23:55:25', '2025-03-28 23:55:25'),
	(452, 12, 145, '2025-03-28 23:55:25', '2025-03-28 23:55:25'),
	(453, 12, 146, '2025-03-28 23:55:25', '2025-03-28 23:55:25'),
	(454, 12, 147, '2025-03-28 23:55:25', '2025-03-28 23:55:25'),
	(455, 12, 148, '2025-03-28 23:55:25', '2025-03-28 23:55:25'),
	(456, 12, 149, '2025-03-28 23:55:25', '2025-03-28 23:55:25');

-- Copiando estrutura para tabela decorishouse.category_product
CREATE TABLE IF NOT EXISTS `category_product` (
  `id` bigint(20) unsigned NOT NULL AUTO_INCREMENT,
  `category_id` bigint(20) unsigned NOT NULL,
  `product_id` bigint(20) unsigned NOT NULL,
  PRIMARY KEY (`id`),
  KEY `category_product_category_id_foreign` (`category_id`),
  KEY `category_product_product_id_foreign` (`product_id`),
  CONSTRAINT `category_product_category_id_foreign` FOREIGN KEY (`category_id`) REFERENCES `categories` (`id`) ON DELETE CASCADE,
  CONSTRAINT `category_product_product_id_foreign` FOREIGN KEY (`product_id`) REFERENCES `products` (`id`) ON DELETE CASCADE
) ENGINE=InnoDB AUTO_INCREMENT=10 DEFAULT CHARSET=utf8mb4 COLLATE=utf8mb4_unicode_ci;

-- Copiando dados para a tabela decorishouse.category_product: ~9 rows (aproximadamente)

-- Copiando estrutura para tabela decorishouse.failed_jobs
CREATE TABLE IF NOT EXISTS `failed_jobs` (
  `id` bigint(20) unsigned NOT NULL AUTO_INCREMENT,
  `uuid` varchar(255) COLLATE utf8mb4_unicode_ci NOT NULL,
  `connection` text COLLATE utf8mb4_unicode_ci NOT NULL,
  `queue` text COLLATE utf8mb4_unicode_ci NOT NULL,
  `payload` longtext COLLATE utf8mb4_unicode_ci NOT NULL,
  `exception` longtext COLLATE utf8mb4_unicode_ci NOT NULL,
  `failed_at` timestamp NOT NULL DEFAULT CURRENT_TIMESTAMP,
  PRIMARY KEY (`id`),
  UNIQUE KEY `failed_jobs_uuid_unique` (`uuid`)
) ENGINE=InnoDB AUTO_INCREMENT=3 DEFAULT CHARSET=utf8mb4 COLLATE=utf8mb4_unicode_ci;

-- Copiando dados para a tabela decorishouse.failed_jobs: ~2 rows (aproximadamente)
INSERT INTO `failed_jobs` (`id`, `uuid`, `connection`, `queue`, `payload`, `exception`, `failed_at`) VALUES
	(1, '42501466-11e6-4834-a112-b7c6a3799a12', 'database', 'default', '{"uuid":"42501466-11e6-4834-a112-b7c6a3799a12","displayName":"App\\\\Jobs\\\\ProcessNotificationJob","job":"Illuminate\\\\Queue\\\\CallQueuedHandler@call","maxTries":null,"maxExceptions":null,"failOnTimeout":false,"backoff":null,"timeout":null,"retryUntil":null,"data":{"commandName":"App\\\\Jobs\\\\ProcessNotificationJob","command":"O:31:\\"App\\\\Jobs\\\\ProcessNotificationJob\\":6:{s:7:\\"\\u0000*\\u0000type\\";s:8:\\"whatsapp\\";s:12:\\"\\u0000*\\u0000recipient\\";s:11:\\"16992747526\\";s:11:\\"\\u0000*\\u0000resource\\";s:7:\\"General\\";s:9:\\"\\u0000*\\u0000target\\";s:8:\\"whatsapp\\";s:14:\\"\\u0000*\\u0000messageType\\";s:18:\\"product_send_image\\";s:7:\\"\\u0000*\\u0000data\\";a:1:{s:5:\\"image\\";s:77:\\"https:\\/\\/achadinhosdecorcozinha.test\\/storage\\/products\\/3\\/social_product_3_0.jpg\\";}}"}}', 'TypeError: json_encode(): Argument #2 ($flags) must be of type int, array given in C:\\laragon\\www\\achadinhosdecorcozinha\\app\\Services\\NotificationService.php:81\nStack trace:\n#0 C:\\laragon\\www\\achadinhosdecorcozinha\\app\\Services\\NotificationService.php(81): json_encode(Array, Array)\n#1 C:\\laragon\\www\\achadinhosdecorcozinha\\app\\Jobs\\ProcessNotificationJob.php(47): App\\Services\\NotificationService->sendWhatsApp(\'16992747526\', \'General\', \'whatsapp\', \'product_send_im...\', Array)\n#2 C:\\laragon\\www\\achadinhosdecorcozinha\\vendor\\laravel\\framework\\src\\Illuminate\\Container\\BoundMethod.php(36): App\\Jobs\\ProcessNotificationJob->handle()\n#3 C:\\laragon\\www\\achadinhosdecorcozinha\\vendor\\laravel\\framework\\src\\Illuminate\\Container\\Util.php(41): Illuminate\\Container\\BoundMethod::Illuminate\\Container\\{closure}()\n#4 C:\\laragon\\www\\achadinhosdecorcozinha\\vendor\\laravel\\framework\\src\\Illuminate\\Container\\BoundMethod.php(93): Illuminate\\Container\\Util::unwrapIfClosure(Object(Closure))\n#5 C:\\laragon\\www\\achadinhosdecorcozinha\\vendor\\laravel\\framework\\src\\Illuminate\\Container\\BoundMethod.php(37): Illuminate\\Container\\BoundMethod::callBoundMethod(Object(Illuminate\\Foundation\\Application), Array, Object(Closure))\n#6 C:\\laragon\\www\\achadinhosdecorcozinha\\vendor\\laravel\\framework\\src\\Illuminate\\Container\\Container.php(662): Illuminate\\Container\\BoundMethod::call(Object(Illuminate\\Foundation\\Application), Array, Array, NULL)\n#7 C:\\laragon\\www\\achadinhosdecorcozinha\\vendor\\laravel\\framework\\src\\Illuminate\\Bus\\Dispatcher.php(128): Illuminate\\Container\\Container->call(Array)\n#8 C:\\laragon\\www\\achadinhosdecorcozinha\\vendor\\laravel\\framework\\src\\Illuminate\\Pipeline\\Pipeline.php(144): Illuminate\\Bus\\Dispatcher->Illuminate\\Bus\\{closure}(Object(App\\Jobs\\ProcessNotificationJob))\n#9 C:\\laragon\\www\\achadinhosdecorcozinha\\vendor\\laravel\\framework\\src\\Illuminate\\Pipeline\\Pipeline.php(119): Illuminate\\Pipeline\\Pipeline->Illuminate\\Pipeline\\{closure}(Object(App\\Jobs\\ProcessNotificationJob))\n#10 C:\\laragon\\www\\achadinhosdecorcozinha\\vendor\\laravel\\framework\\src\\Illuminate\\Bus\\Dispatcher.php(132): Illuminate\\Pipeline\\Pipeline->then(Object(Closure))\n#11 C:\\laragon\\www\\achadinhosdecorcozinha\\vendor\\laravel\\framework\\src\\Illuminate\\Queue\\CallQueuedHandler.php(124): Illuminate\\Bus\\Dispatcher->dispatchNow(Object(App\\Jobs\\ProcessNotificationJob), false)\n#12 C:\\laragon\\www\\achadinhosdecorcozinha\\vendor\\laravel\\framework\\src\\Illuminate\\Pipeline\\Pipeline.php(144): Illuminate\\Queue\\CallQueuedHandler->Illuminate\\Queue\\{closure}(Object(App\\Jobs\\ProcessNotificationJob))\n#13 C:\\laragon\\www\\achadinhosdecorcozinha\\vendor\\laravel\\framework\\src\\Illuminate\\Pipeline\\Pipeline.php(119): Illuminate\\Pipeline\\Pipeline->Illuminate\\Pipeline\\{closure}(Object(App\\Jobs\\ProcessNotificationJob))\n#14 C:\\laragon\\www\\achadinhosdecorcozinha\\vendor\\laravel\\framework\\src\\Illuminate\\Queue\\CallQueuedHandler.php(126): Illuminate\\Pipeline\\Pipeline->then(Object(Closure))\n#15 C:\\laragon\\www\\achadinhosdecorcozinha\\vendor\\laravel\\framework\\src\\Illuminate\\Queue\\CallQueuedHandler.php(70): Illuminate\\Queue\\CallQueuedHandler->dispatchThroughMiddleware(Object(Illuminate\\Queue\\Jobs\\DatabaseJob), Object(App\\Jobs\\ProcessNotificationJob))\n#16 C:\\laragon\\www\\achadinhosdecorcozinha\\vendor\\laravel\\framework\\src\\Illuminate\\Queue\\Jobs\\Job.php(102): Illuminate\\Queue\\CallQueuedHandler->call(Object(Illuminate\\Queue\\Jobs\\DatabaseJob), Array)\n#17 C:\\laragon\\www\\achadinhosdecorcozinha\\vendor\\laravel\\framework\\src\\Illuminate\\Queue\\Worker.php(439): Illuminate\\Queue\\Jobs\\Job->fire()\n#18 C:\\laragon\\www\\achadinhosdecorcozinha\\vendor\\laravel\\framework\\src\\Illuminate\\Queue\\Worker.php(389): Illuminate\\Queue\\Worker->process(\'database\', Object(Illuminate\\Queue\\Jobs\\DatabaseJob), Object(Illuminate\\Queue\\WorkerOptions))\n#19 C:\\laragon\\www\\achadinhosdecorcozinha\\vendor\\laravel\\framework\\src\\Illuminate\\Queue\\Worker.php(333): Illuminate\\Queue\\Worker->runJob(Object(Illuminate\\Queue\\Jobs\\DatabaseJob), \'database\', Object(Illuminate\\Queue\\WorkerOptions))\n#20 C:\\laragon\\www\\achadinhosdecorcozinha\\vendor\\laravel\\framework\\src\\Illuminate\\Queue\\Console\\WorkCommand.php(138): Illuminate\\Queue\\Worker->runNextJob(\'database\', \'default\', Object(Illuminate\\Queue\\WorkerOptions))\n#21 C:\\laragon\\www\\achadinhosdecorcozinha\\vendor\\laravel\\framework\\src\\Illuminate\\Queue\\Console\\WorkCommand.php(121): Illuminate\\Queue\\Console\\WorkCommand->runWorker(\'database\', \'default\')\n#22 C:\\laragon\\www\\achadinhosdecorcozinha\\vendor\\laravel\\framework\\src\\Illuminate\\Container\\BoundMethod.php(36): Illuminate\\Queue\\Console\\WorkCommand->handle()\n#23 C:\\laragon\\www\\achadinhosdecorcozinha\\vendor\\laravel\\framework\\src\\Illuminate\\Container\\Util.php(41): Illuminate\\Container\\BoundMethod::Illuminate\\Container\\{closure}()\n#24 C:\\laragon\\www\\achadinhosdecorcozinha\\vendor\\laravel\\framework\\src\\Illuminate\\Container\\BoundMethod.php(93): Illuminate\\Container\\Util::unwrapIfClosure(Object(Closure))\n#25 C:\\laragon\\www\\achadinhosdecorcozinha\\vendor\\laravel\\framework\\src\\Illuminate\\Container\\BoundMethod.php(37): Illuminate\\Container\\BoundMethod::callBoundMethod(Object(Illuminate\\Foundation\\Application), Array, Object(Closure))\n#26 C:\\laragon\\www\\achadinhosdecorcozinha\\vendor\\laravel\\framework\\src\\Illuminate\\Container\\Container.php(662): Illuminate\\Container\\BoundMethod::call(Object(Illuminate\\Foundation\\Application), Array, Array, NULL)\n#27 C:\\laragon\\www\\achadinhosdecorcozinha\\vendor\\laravel\\framework\\src\\Illuminate\\Console\\Command.php(211): Illuminate\\Container\\Container->call(Array)\n#28 C:\\laragon\\www\\achadinhosdecorcozinha\\vendor\\symfony\\console\\Command\\Command.php(326): Illuminate\\Console\\Command->execute(Object(Symfony\\Component\\Console\\Input\\StringInput), Object(Illuminate\\Console\\OutputStyle))\n#29 C:\\laragon\\www\\achadinhosdecorcozinha\\vendor\\laravel\\framework\\src\\Illuminate\\Console\\Command.php(181): Symfony\\Component\\Console\\Command\\Command->run(Object(Symfony\\Component\\Console\\Input\\StringInput), Object(Illuminate\\Console\\OutputStyle))\n#30 C:\\laragon\\www\\achadinhosdecorcozinha\\vendor\\symfony\\console\\Application.php(1096): Illuminate\\Console\\Command->run(Object(Symfony\\Component\\Console\\Input\\StringInput), Object(Symfony\\Component\\Console\\Output\\BufferedOutput))\n#31 C:\\laragon\\www\\achadinhosdecorcozinha\\vendor\\symfony\\console\\Application.php(324): Symfony\\Component\\Console\\Application->doRunCommand(Object(Illuminate\\Queue\\Console\\WorkCommand), Object(Symfony\\Component\\Console\\Input\\StringInput), Object(Symfony\\Component\\Console\\Output\\BufferedOutput))\n#32 C:\\laragon\\www\\achadinhosdecorcozinha\\vendor\\symfony\\console\\Application.php(175): Symfony\\Component\\Console\\Application->doRun(Object(Symfony\\Component\\Console\\Input\\StringInput), Object(Symfony\\Component\\Console\\Output\\BufferedOutput))\n#33 C:\\laragon\\www\\achadinhosdecorcozinha\\vendor\\laravel\\framework\\src\\Illuminate\\Console\\Application.php(163): Symfony\\Component\\Console\\Application->run(Object(Symfony\\Component\\Console\\Input\\StringInput), Object(Symfony\\Component\\Console\\Output\\BufferedOutput))\n#34 C:\\laragon\\www\\achadinhosdecorcozinha\\vendor\\laravel\\framework\\src\\Illuminate\\Foundation\\Console\\Kernel.php(400): Illuminate\\Console\\Application->call(\'queue:work\', Array, NULL)\n#35 C:\\laragon\\www\\achadinhosdecorcozinha\\vendor\\laravel\\framework\\src\\Illuminate\\Support\\Facades\\Facade.php(355): Illuminate\\Foundation\\Console\\Kernel->call(\'queue:work --qu...\')\n#36 C:\\laragon\\www\\achadinhosdecorcozinha\\app\\Jobs\\QueueJob.php(26): Illuminate\\Support\\Facades\\Facade::__callStatic(\'call\', Array)\n#37 C:\\laragon\\www\\achadinhosdecorcozinha\\vendor\\laravel\\framework\\src\\Illuminate\\Container\\BoundMethod.php(36): App\\Jobs\\QueueJob->handle()\n#38 C:\\laragon\\www\\achadinhosdecorcozinha\\vendor\\laravel\\framework\\src\\Illuminate\\Container\\Util.php(41): Illuminate\\Container\\BoundMethod::Illuminate\\Container\\{closure}()\n#39 C:\\laragon\\www\\achadinhosdecorcozinha\\vendor\\laravel\\framework\\src\\Illuminate\\Container\\BoundMethod.php(93): Illuminate\\Container\\Util::unwrapIfClosure(Object(Closure))\n#40 C:\\laragon\\www\\achadinhosdecorcozinha\\vendor\\laravel\\framework\\src\\Illuminate\\Container\\BoundMethod.php(37): Illuminate\\Container\\BoundMethod::callBoundMethod(Object(Illuminate\\Foundation\\Application), Array, Object(Closure))\n#41 C:\\laragon\\www\\achadinhosdecorcozinha\\vendor\\laravel\\framework\\src\\Illuminate\\Container\\Container.php(662): Illuminate\\Container\\BoundMethod::call(Object(Illuminate\\Foundation\\Application), Array, Array, NULL)\n#42 C:\\laragon\\www\\achadinhosdecorcozinha\\vendor\\laravel\\framework\\src\\Illuminate\\Bus\\Dispatcher.php(128): Illuminate\\Container\\Container->call(Array)\n#43 C:\\laragon\\www\\achadinhosdecorcozinha\\vendor\\laravel\\framework\\src\\Illuminate\\Pipeline\\Pipeline.php(144): Illuminate\\Bus\\Dispatcher->Illuminate\\Bus\\{closure}(Object(App\\Jobs\\QueueJob))\n#44 C:\\laragon\\www\\achadinhosdecorcozinha\\vendor\\laravel\\framework\\src\\Illuminate\\Pipeline\\Pipeline.php(119): Illuminate\\Pipeline\\Pipeline->Illuminate\\Pipeline\\{closure}(Object(App\\Jobs\\QueueJob))\n#45 C:\\laragon\\www\\achadinhosdecorcozinha\\vendor\\laravel\\framework\\src\\Illuminate\\Bus\\Dispatcher.php(132): Illuminate\\Pipeline\\Pipeline->then(Object(Closure))\n#46 C:\\laragon\\www\\achadinhosdecorcozinha\\vendor\\laravel\\framework\\src\\Illuminate\\Console\\Scheduling\\Schedule.php(232): Illuminate\\Bus\\Dispatcher->dispatchNow(Object(App\\Jobs\\QueueJob))\n#47 C:\\laragon\\www\\achadinhosdecorcozinha\\vendor\\laravel\\framework\\src\\Illuminate\\Console\\Scheduling\\Schedule.php(163): Illuminate\\Console\\Scheduling\\Schedule->dispatchNow(Object(App\\Jobs\\QueueJob))\n#48 C:\\laragon\\www\\achadinhosdecorcozinha\\vendor\\laravel\\framework\\src\\Illuminate\\Container\\BoundMethod.php(36): Illuminate\\Console\\Scheduling\\Schedule->Illuminate\\Console\\Scheduling\\{closure}()\n#49 C:\\laragon\\www\\achadinhosdecorcozinha\\vendor\\laravel\\framework\\src\\Illuminate\\Container\\BoundMethod.php(36): Closure->__invoke()\n#50 C:\\laragon\\www\\achadinhosdecorcozinha\\vendor\\laravel\\framework\\src\\Illuminate\\Container\\Util.php(41): Illuminate\\Container\\BoundMethod::Illuminate\\Container\\{closure}()\n#51 C:\\laragon\\www\\achadinhosdecorcozinha\\vendor\\laravel\\framework\\src\\Illuminate\\Container\\BoundMethod.php(93): Illuminate\\Container\\Util::unwrapIfClosure(Object(Closure))\n#52 C:\\laragon\\www\\achadinhosdecorcozinha\\vendor\\laravel\\framework\\src\\Illuminate\\Container\\BoundMethod.php(37): Illuminate\\Container\\BoundMethod::callBoundMethod(Object(Illuminate\\Foundation\\Application), Array, Object(Closure))\n#53 C:\\laragon\\www\\achadinhosdecorcozinha\\vendor\\laravel\\framework\\src\\Illuminate\\Container\\Container.php(662): Illuminate\\Container\\BoundMethod::call(Object(Illuminate\\Foundation\\Application), Array, Array, NULL)\n#54 C:\\laragon\\www\\achadinhosdecorcozinha\\vendor\\laravel\\framework\\src\\Illuminate\\Console\\Scheduling\\CallbackEvent.php(118): Illuminate\\Container\\Container->call(Array, Array)\n#55 C:\\laragon\\www\\achadinhosdecorcozinha\\vendor\\laravel\\framework\\src\\Illuminate\\Console\\Scheduling\\Event.php(274): Illuminate\\Console\\Scheduling\\CallbackEvent->execute(Object(Illuminate\\Foundation\\Application))\n#56 C:\\laragon\\www\\achadinhosdecorcozinha\\vendor\\laravel\\framework\\src\\Illuminate\\Console\\Scheduling\\Event.php(223): Illuminate\\Console\\Scheduling\\Event->start(Object(Illuminate\\Foundation\\Application))\n#57 C:\\laragon\\www\\achadinhosdecorcozinha\\vendor\\laravel\\framework\\src\\Illuminate\\Console\\Scheduling\\CallbackEvent.php(77): Illuminate\\Console\\Scheduling\\Event->run(Object(Illuminate\\Foundation\\Application))\n#58 C:\\laragon\\www\\achadinhosdecorcozinha\\vendor\\laravel\\framework\\src\\Illuminate\\Console\\Scheduling\\ScheduleRunCommand.php(192): Illuminate\\Console\\Scheduling\\CallbackEvent->run(Object(Illuminate\\Foundation\\Application))\n#59 C:\\laragon\\www\\achadinhosdecorcozinha\\vendor\\laravel\\framework\\src\\Illuminate\\Console\\View\\Components\\Task.php(37): Illuminate\\Console\\Scheduling\\ScheduleRunCommand->Illuminate\\Console\\Scheduling\\{closure}()\n#60 C:\\laragon\\www\\achadinhosdecorcozinha\\vendor\\laravel\\framework\\src\\Illuminate\\Console\\View\\Components\\Factory.php(58): Illuminate\\Console\\View\\Components\\Task->render(\'<fg=gray>2025-0...\', Object(Closure))\n#61 C:\\laragon\\www\\achadinhosdecorcozinha\\vendor\\laravel\\framework\\src\\Illuminate\\Console\\Scheduling\\ScheduleRunCommand.php(207): Illuminate\\Console\\View\\Components\\Factory->__call(\'task\', Array)\n#62 C:\\laragon\\www\\achadinhosdecorcozinha\\vendor\\laravel\\framework\\src\\Illuminate\\Console\\Scheduling\\ScheduleRunCommand.php(131): Illuminate\\Console\\Scheduling\\ScheduleRunCommand->runEvent(Object(Illuminate\\Console\\Scheduling\\CallbackEvent))\n#63 C:\\laragon\\www\\achadinhosdecorcozinha\\vendor\\laravel\\framework\\src\\Illuminate\\Container\\BoundMethod.php(36): Illuminate\\Console\\Scheduling\\ScheduleRunCommand->handle(Object(Illuminate\\Console\\Scheduling\\Schedule), Object(Illuminate\\Events\\Dispatcher), Object(Illuminate\\Cache\\Repository), Object(NunoMaduro\\Collision\\Adapters\\Laravel\\ExceptionHandler))\n#64 C:\\laragon\\www\\achadinhosdecorcozinha\\vendor\\laravel\\framework\\src\\Illuminate\\Container\\Util.php(41): Illuminate\\Container\\BoundMethod::Illuminate\\Container\\{closure}()\n#65 C:\\laragon\\www\\achadinhosdecorcozinha\\vendor\\laravel\\framework\\src\\Illuminate\\Container\\BoundMethod.php(93): Illuminate\\Container\\Util::unwrapIfClosure(Object(Closure))\n#66 C:\\laragon\\www\\achadinhosdecorcozinha\\vendor\\laravel\\framework\\src\\Illuminate\\Container\\BoundMethod.php(37): Illuminate\\Container\\BoundMethod::callBoundMethod(Object(Illuminate\\Foundation\\Application), Array, Object(Closure))\n#67 C:\\laragon\\www\\achadinhosdecorcozinha\\vendor\\laravel\\framework\\src\\Illuminate\\Container\\Container.php(662): Illuminate\\Container\\BoundMethod::call(Object(Illuminate\\Foundation\\Application), Array, Array, NULL)\n#68 C:\\laragon\\www\\achadinhosdecorcozinha\\vendor\\laravel\\framework\\src\\Illuminate\\Console\\Command.php(211): Illuminate\\Container\\Container->call(Array)\n#69 C:\\laragon\\www\\achadinhosdecorcozinha\\vendor\\symfony\\console\\Command\\Command.php(326): Illuminate\\Console\\Command->execute(Object(Symfony\\Component\\Console\\Input\\ArgvInput), Object(Illuminate\\Console\\OutputStyle))\n#70 C:\\laragon\\www\\achadinhosdecorcozinha\\vendor\\laravel\\framework\\src\\Illuminate\\Console\\Command.php(181): Symfony\\Component\\Console\\Command\\Command->run(Object(Symfony\\Component\\Console\\Input\\ArgvInput), Object(Illuminate\\Console\\OutputStyle))\n#71 C:\\laragon\\www\\achadinhosdecorcozinha\\vendor\\symfony\\console\\Application.php(1096): Illuminate\\Console\\Command->run(Object(Symfony\\Component\\Console\\Input\\ArgvInput), Object(Symfony\\Component\\Console\\Output\\ConsoleOutput))\n#72 C:\\laragon\\www\\achadinhosdecorcozinha\\vendor\\symfony\\console\\Application.php(324): Symfony\\Component\\Console\\Application->doRunCommand(Object(Illuminate\\Console\\Scheduling\\ScheduleRunCommand), Object(Symfony\\Component\\Console\\Input\\ArgvInput), Object(Symfony\\Component\\Console\\Output\\ConsoleOutput))\n#73 C:\\laragon\\www\\achadinhosdecorcozinha\\vendor\\symfony\\console\\Application.php(175): Symfony\\Component\\Console\\Application->doRun(Object(Symfony\\Component\\Console\\Input\\ArgvInput), Object(Symfony\\Component\\Console\\Output\\ConsoleOutput))\n#74 C:\\laragon\\www\\achadinhosdecorcozinha\\vendor\\laravel\\framework\\src\\Illuminate\\Foundation\\Console\\Kernel.php(201): Symfony\\Component\\Console\\Application->run(Object(Symfony\\Component\\Console\\Input\\ArgvInput), Object(Symfony\\Component\\Console\\Output\\ConsoleOutput))\n#75 C:\\laragon\\www\\achadinhosdecorcozinha\\artisan(37): Illuminate\\Foundation\\Console\\Kernel->handle(Object(Symfony\\Component\\Console\\Input\\ArgvInput), Object(Symfony\\Component\\Console\\Output\\ConsoleOutput))\n#76 {main}', '2025-03-21 23:06:04'),
	(2, '80229305-50fa-4533-9ad0-deb48a5a8b97', 'database', 'default', '{"uuid":"80229305-50fa-4533-9ad0-deb48a5a8b97","displayName":"App\\\\Jobs\\\\ProcessNotificationJob","job":"Illuminate\\\\Queue\\\\CallQueuedHandler@call","maxTries":null,"maxExceptions":null,"failOnTimeout":false,"backoff":null,"timeout":null,"retryUntil":null,"data":{"commandName":"App\\\\Jobs\\\\ProcessNotificationJob","command":"O:31:\\"App\\\\Jobs\\\\ProcessNotificationJob\\":6:{s:7:\\"\\u0000*\\u0000type\\";s:8:\\"whatsapp\\";s:12:\\"\\u0000*\\u0000recipient\\";s:11:\\"16992747526\\";s:11:\\"\\u0000*\\u0000resource\\";s:7:\\"General\\";s:9:\\"\\u0000*\\u0000target\\";s:8:\\"whatsapp\\";s:14:\\"\\u0000*\\u0000messageType\\";s:17:\\"product_send_link\\";s:7:\\"\\u0000*\\u0000data\\";a:1:{s:4:\\"link\\";s:34:\\"https:\\/\\/s.shopee.com.br\\/5AeXnKPW7w\\";}}"}}', 'TypeError: json_encode(): Argument #2 ($flags) must be of type int, array given in C:\\laragon\\www\\achadinhosdecorcozinha\\app\\Services\\NotificationService.php:81\nStack trace:\n#0 C:\\laragon\\www\\achadinhosdecorcozinha\\app\\Services\\NotificationService.php(81): json_encode(Array, Array)\n#1 C:\\laragon\\www\\achadinhosdecorcozinha\\app\\Jobs\\ProcessNotificationJob.php(47): App\\Services\\NotificationService->sendWhatsApp(\'16992747526\', \'General\', \'whatsapp\', \'product_send_li...\', Array)\n#2 C:\\laragon\\www\\achadinhosdecorcozinha\\vendor\\laravel\\framework\\src\\Illuminate\\Container\\BoundMethod.php(36): App\\Jobs\\ProcessNotificationJob->handle()\n#3 C:\\laragon\\www\\achadinhosdecorcozinha\\vendor\\laravel\\framework\\src\\Illuminate\\Container\\Util.php(41): Illuminate\\Container\\BoundMethod::Illuminate\\Container\\{closure}()\n#4 C:\\laragon\\www\\achadinhosdecorcozinha\\vendor\\laravel\\framework\\src\\Illuminate\\Container\\BoundMethod.php(93): Illuminate\\Container\\Util::unwrapIfClosure(Object(Closure))\n#5 C:\\laragon\\www\\achadinhosdecorcozinha\\vendor\\laravel\\framework\\src\\Illuminate\\Container\\BoundMethod.php(37): Illuminate\\Container\\BoundMethod::callBoundMethod(Object(Illuminate\\Foundation\\Application), Array, Object(Closure))\n#6 C:\\laragon\\www\\achadinhosdecorcozinha\\vendor\\laravel\\framework\\src\\Illuminate\\Container\\Container.php(662): Illuminate\\Container\\BoundMethod::call(Object(Illuminate\\Foundation\\Application), Array, Array, NULL)\n#7 C:\\laragon\\www\\achadinhosdecorcozinha\\vendor\\laravel\\framework\\src\\Illuminate\\Bus\\Dispatcher.php(128): Illuminate\\Container\\Container->call(Array)\n#8 C:\\laragon\\www\\achadinhosdecorcozinha\\vendor\\laravel\\framework\\src\\Illuminate\\Pipeline\\Pipeline.php(144): Illuminate\\Bus\\Dispatcher->Illuminate\\Bus\\{closure}(Object(App\\Jobs\\ProcessNotificationJob))\n#9 C:\\laragon\\www\\achadinhosdecorcozinha\\vendor\\laravel\\framework\\src\\Illuminate\\Pipeline\\Pipeline.php(119): Illuminate\\Pipeline\\Pipeline->Illuminate\\Pipeline\\{closure}(Object(App\\Jobs\\ProcessNotificationJob))\n#10 C:\\laragon\\www\\achadinhosdecorcozinha\\vendor\\laravel\\framework\\src\\Illuminate\\Bus\\Dispatcher.php(132): Illuminate\\Pipeline\\Pipeline->then(Object(Closure))\n#11 C:\\laragon\\www\\achadinhosdecorcozinha\\vendor\\laravel\\framework\\src\\Illuminate\\Queue\\CallQueuedHandler.php(124): Illuminate\\Bus\\Dispatcher->dispatchNow(Object(App\\Jobs\\ProcessNotificationJob), false)\n#12 C:\\laragon\\www\\achadinhosdecorcozinha\\vendor\\laravel\\framework\\src\\Illuminate\\Pipeline\\Pipeline.php(144): Illuminate\\Queue\\CallQueuedHandler->Illuminate\\Queue\\{closure}(Object(App\\Jobs\\ProcessNotificationJob))\n#13 C:\\laragon\\www\\achadinhosdecorcozinha\\vendor\\laravel\\framework\\src\\Illuminate\\Pipeline\\Pipeline.php(119): Illuminate\\Pipeline\\Pipeline->Illuminate\\Pipeline\\{closure}(Object(App\\Jobs\\ProcessNotificationJob))\n#14 C:\\laragon\\www\\achadinhosdecorcozinha\\vendor\\laravel\\framework\\src\\Illuminate\\Queue\\CallQueuedHandler.php(126): Illuminate\\Pipeline\\Pipeline->then(Object(Closure))\n#15 C:\\laragon\\www\\achadinhosdecorcozinha\\vendor\\laravel\\framework\\src\\Illuminate\\Queue\\CallQueuedHandler.php(70): Illuminate\\Queue\\CallQueuedHandler->dispatchThroughMiddleware(Object(Illuminate\\Queue\\Jobs\\DatabaseJob), Object(App\\Jobs\\ProcessNotificationJob))\n#16 C:\\laragon\\www\\achadinhosdecorcozinha\\vendor\\laravel\\framework\\src\\Illuminate\\Queue\\Jobs\\Job.php(102): Illuminate\\Queue\\CallQueuedHandler->call(Object(Illuminate\\Queue\\Jobs\\DatabaseJob), Array)\n#17 C:\\laragon\\www\\achadinhosdecorcozinha\\vendor\\laravel\\framework\\src\\Illuminate\\Queue\\Worker.php(439): Illuminate\\Queue\\Jobs\\Job->fire()\n#18 C:\\laragon\\www\\achadinhosdecorcozinha\\vendor\\laravel\\framework\\src\\Illuminate\\Queue\\Worker.php(389): Illuminate\\Queue\\Worker->process(\'database\', Object(Illuminate\\Queue\\Jobs\\DatabaseJob), Object(Illuminate\\Queue\\WorkerOptions))\n#19 C:\\laragon\\www\\achadinhosdecorcozinha\\vendor\\laravel\\framework\\src\\Illuminate\\Queue\\Worker.php(333): Illuminate\\Queue\\Worker->runJob(Object(Illuminate\\Queue\\Jobs\\DatabaseJob), \'database\', Object(Illuminate\\Queue\\WorkerOptions))\n#20 C:\\laragon\\www\\achadinhosdecorcozinha\\vendor\\laravel\\framework\\src\\Illuminate\\Queue\\Console\\WorkCommand.php(138): Illuminate\\Queue\\Worker->runNextJob(\'database\', \'default\', Object(Illuminate\\Queue\\WorkerOptions))\n#21 C:\\laragon\\www\\achadinhosdecorcozinha\\vendor\\laravel\\framework\\src\\Illuminate\\Queue\\Console\\WorkCommand.php(121): Illuminate\\Queue\\Console\\WorkCommand->runWorker(\'database\', \'default\')\n#22 C:\\laragon\\www\\achadinhosdecorcozinha\\vendor\\laravel\\framework\\src\\Illuminate\\Container\\BoundMethod.php(36): Illuminate\\Queue\\Console\\WorkCommand->handle()\n#23 C:\\laragon\\www\\achadinhosdecorcozinha\\vendor\\laravel\\framework\\src\\Illuminate\\Container\\Util.php(41): Illuminate\\Container\\BoundMethod::Illuminate\\Container\\{closure}()\n#24 C:\\laragon\\www\\achadinhosdecorcozinha\\vendor\\laravel\\framework\\src\\Illuminate\\Container\\BoundMethod.php(93): Illuminate\\Container\\Util::unwrapIfClosure(Object(Closure))\n#25 C:\\laragon\\www\\achadinhosdecorcozinha\\vendor\\laravel\\framework\\src\\Illuminate\\Container\\BoundMethod.php(37): Illuminate\\Container\\BoundMethod::callBoundMethod(Object(Illuminate\\Foundation\\Application), Array, Object(Closure))\n#26 C:\\laragon\\www\\achadinhosdecorcozinha\\vendor\\laravel\\framework\\src\\Illuminate\\Container\\Container.php(662): Illuminate\\Container\\BoundMethod::call(Object(Illuminate\\Foundation\\Application), Array, Array, NULL)\n#27 C:\\laragon\\www\\achadinhosdecorcozinha\\vendor\\laravel\\framework\\src\\Illuminate\\Console\\Command.php(211): Illuminate\\Container\\Container->call(Array)\n#28 C:\\laragon\\www\\achadinhosdecorcozinha\\vendor\\symfony\\console\\Command\\Command.php(326): Illuminate\\Console\\Command->execute(Object(Symfony\\Component\\Console\\Input\\StringInput), Object(Illuminate\\Console\\OutputStyle))\n#29 C:\\laragon\\www\\achadinhosdecorcozinha\\vendor\\laravel\\framework\\src\\Illuminate\\Console\\Command.php(181): Symfony\\Component\\Console\\Command\\Command->run(Object(Symfony\\Component\\Console\\Input\\StringInput), Object(Illuminate\\Console\\OutputStyle))\n#30 C:\\laragon\\www\\achadinhosdecorcozinha\\vendor\\symfony\\console\\Application.php(1096): Illuminate\\Console\\Command->run(Object(Symfony\\Component\\Console\\Input\\StringInput), Object(Symfony\\Component\\Console\\Output\\BufferedOutput))\n#31 C:\\laragon\\www\\achadinhosdecorcozinha\\vendor\\symfony\\console\\Application.php(324): Symfony\\Component\\Console\\Application->doRunCommand(Object(Illuminate\\Queue\\Console\\WorkCommand), Object(Symfony\\Component\\Console\\Input\\StringInput), Object(Symfony\\Component\\Console\\Output\\BufferedOutput))\n#32 C:\\laragon\\www\\achadinhosdecorcozinha\\vendor\\symfony\\console\\Application.php(175): Symfony\\Component\\Console\\Application->doRun(Object(Symfony\\Component\\Console\\Input\\StringInput), Object(Symfony\\Component\\Console\\Output\\BufferedOutput))\n#33 C:\\laragon\\www\\achadinhosdecorcozinha\\vendor\\laravel\\framework\\src\\Illuminate\\Console\\Application.php(163): Symfony\\Component\\Console\\Application->run(Object(Symfony\\Component\\Console\\Input\\StringInput), Object(Symfony\\Component\\Console\\Output\\BufferedOutput))\n#34 C:\\laragon\\www\\achadinhosdecorcozinha\\vendor\\laravel\\framework\\src\\Illuminate\\Foundation\\Console\\Kernel.php(400): Illuminate\\Console\\Application->call(\'queue:work\', Array, NULL)\n#35 C:\\laragon\\www\\achadinhosdecorcozinha\\vendor\\laravel\\framework\\src\\Illuminate\\Support\\Facades\\Facade.php(355): Illuminate\\Foundation\\Console\\Kernel->call(\'queue:work --qu...\')\n#36 C:\\laragon\\www\\achadinhosdecorcozinha\\app\\Jobs\\QueueJob.php(26): Illuminate\\Support\\Facades\\Facade::__callStatic(\'call\', Array)\n#37 C:\\laragon\\www\\achadinhosdecorcozinha\\vendor\\laravel\\framework\\src\\Illuminate\\Container\\BoundMethod.php(36): App\\Jobs\\QueueJob->handle()\n#38 C:\\laragon\\www\\achadinhosdecorcozinha\\vendor\\laravel\\framework\\src\\Illuminate\\Container\\Util.php(41): Illuminate\\Container\\BoundMethod::Illuminate\\Container\\{closure}()\n#39 C:\\laragon\\www\\achadinhosdecorcozinha\\vendor\\laravel\\framework\\src\\Illuminate\\Container\\BoundMethod.php(93): Illuminate\\Container\\Util::unwrapIfClosure(Object(Closure))\n#40 C:\\laragon\\www\\achadinhosdecorcozinha\\vendor\\laravel\\framework\\src\\Illuminate\\Container\\BoundMethod.php(37): Illuminate\\Container\\BoundMethod::callBoundMethod(Object(Illuminate\\Foundation\\Application), Array, Object(Closure))\n#41 C:\\laragon\\www\\achadinhosdecorcozinha\\vendor\\laravel\\framework\\src\\Illuminate\\Container\\Container.php(662): Illuminate\\Container\\BoundMethod::call(Object(Illuminate\\Foundation\\Application), Array, Array, NULL)\n#42 C:\\laragon\\www\\achadinhosdecorcozinha\\vendor\\laravel\\framework\\src\\Illuminate\\Bus\\Dispatcher.php(128): Illuminate\\Container\\Container->call(Array)\n#43 C:\\laragon\\www\\achadinhosdecorcozinha\\vendor\\laravel\\framework\\src\\Illuminate\\Pipeline\\Pipeline.php(144): Illuminate\\Bus\\Dispatcher->Illuminate\\Bus\\{closure}(Object(App\\Jobs\\QueueJob))\n#44 C:\\laragon\\www\\achadinhosdecorcozinha\\vendor\\laravel\\framework\\src\\Illuminate\\Pipeline\\Pipeline.php(119): Illuminate\\Pipeline\\Pipeline->Illuminate\\Pipeline\\{closure}(Object(App\\Jobs\\QueueJob))\n#45 C:\\laragon\\www\\achadinhosdecorcozinha\\vendor\\laravel\\framework\\src\\Illuminate\\Bus\\Dispatcher.php(132): Illuminate\\Pipeline\\Pipeline->then(Object(Closure))\n#46 C:\\laragon\\www\\achadinhosdecorcozinha\\vendor\\laravel\\framework\\src\\Illuminate\\Console\\Scheduling\\Schedule.php(232): Illuminate\\Bus\\Dispatcher->dispatchNow(Object(App\\Jobs\\QueueJob))\n#47 C:\\laragon\\www\\achadinhosdecorcozinha\\vendor\\laravel\\framework\\src\\Illuminate\\Console\\Scheduling\\Schedule.php(163): Illuminate\\Console\\Scheduling\\Schedule->dispatchNow(Object(App\\Jobs\\QueueJob))\n#48 C:\\laragon\\www\\achadinhosdecorcozinha\\vendor\\laravel\\framework\\src\\Illuminate\\Container\\BoundMethod.php(36): Illuminate\\Console\\Scheduling\\Schedule->Illuminate\\Console\\Scheduling\\{closure}()\n#49 C:\\laragon\\www\\achadinhosdecorcozinha\\vendor\\laravel\\framework\\src\\Illuminate\\Container\\BoundMethod.php(36): Closure->__invoke()\n#50 C:\\laragon\\www\\achadinhosdecorcozinha\\vendor\\laravel\\framework\\src\\Illuminate\\Container\\Util.php(41): Illuminate\\Container\\BoundMethod::Illuminate\\Container\\{closure}()\n#51 C:\\laragon\\www\\achadinhosdecorcozinha\\vendor\\laravel\\framework\\src\\Illuminate\\Container\\BoundMethod.php(93): Illuminate\\Container\\Util::unwrapIfClosure(Object(Closure))\n#52 C:\\laragon\\www\\achadinhosdecorcozinha\\vendor\\laravel\\framework\\src\\Illuminate\\Container\\BoundMethod.php(37): Illuminate\\Container\\BoundMethod::callBoundMethod(Object(Illuminate\\Foundation\\Application), Array, Object(Closure))\n#53 C:\\laragon\\www\\achadinhosdecorcozinha\\vendor\\laravel\\framework\\src\\Illuminate\\Container\\Container.php(662): Illuminate\\Container\\BoundMethod::call(Object(Illuminate\\Foundation\\Application), Array, Array, NULL)\n#54 C:\\laragon\\www\\achadinhosdecorcozinha\\vendor\\laravel\\framework\\src\\Illuminate\\Console\\Scheduling\\CallbackEvent.php(118): Illuminate\\Container\\Container->call(Array, Array)\n#55 C:\\laragon\\www\\achadinhosdecorcozinha\\vendor\\laravel\\framework\\src\\Illuminate\\Console\\Scheduling\\Event.php(274): Illuminate\\Console\\Scheduling\\CallbackEvent->execute(Object(Illuminate\\Foundation\\Application))\n#56 C:\\laragon\\www\\achadinhosdecorcozinha\\vendor\\laravel\\framework\\src\\Illuminate\\Console\\Scheduling\\Event.php(223): Illuminate\\Console\\Scheduling\\Event->start(Object(Illuminate\\Foundation\\Application))\n#57 C:\\laragon\\www\\achadinhosdecorcozinha\\vendor\\laravel\\framework\\src\\Illuminate\\Console\\Scheduling\\CallbackEvent.php(77): Illuminate\\Console\\Scheduling\\Event->run(Object(Illuminate\\Foundation\\Application))\n#58 C:\\laragon\\www\\achadinhosdecorcozinha\\vendor\\laravel\\framework\\src\\Illuminate\\Console\\Scheduling\\ScheduleRunCommand.php(192): Illuminate\\Console\\Scheduling\\CallbackEvent->run(Object(Illuminate\\Foundation\\Application))\n#59 C:\\laragon\\www\\achadinhosdecorcozinha\\vendor\\laravel\\framework\\src\\Illuminate\\Console\\View\\Components\\Task.php(37): Illuminate\\Console\\Scheduling\\ScheduleRunCommand->Illuminate\\Console\\Scheduling\\{closure}()\n#60 C:\\laragon\\www\\achadinhosdecorcozinha\\vendor\\laravel\\framework\\src\\Illuminate\\Console\\View\\Components\\Factory.php(58): Illuminate\\Console\\View\\Components\\Task->render(\'<fg=gray>2025-0...\', Object(Closure))\n#61 C:\\laragon\\www\\achadinhosdecorcozinha\\vendor\\laravel\\framework\\src\\Illuminate\\Console\\Scheduling\\ScheduleRunCommand.php(207): Illuminate\\Console\\View\\Components\\Factory->__call(\'task\', Array)\n#62 C:\\laragon\\www\\achadinhosdecorcozinha\\vendor\\laravel\\framework\\src\\Illuminate\\Console\\Scheduling\\ScheduleRunCommand.php(131): Illuminate\\Console\\Scheduling\\ScheduleRunCommand->runEvent(Object(Illuminate\\Console\\Scheduling\\CallbackEvent))\n#63 C:\\laragon\\www\\achadinhosdecorcozinha\\vendor\\laravel\\framework\\src\\Illuminate\\Container\\BoundMethod.php(36): Illuminate\\Console\\Scheduling\\ScheduleRunCommand->handle(Object(Illuminate\\Console\\Scheduling\\Schedule), Object(Illuminate\\Events\\Dispatcher), Object(Illuminate\\Cache\\Repository), Object(NunoMaduro\\Collision\\Adapters\\Laravel\\ExceptionHandler))\n#64 C:\\laragon\\www\\achadinhosdecorcozinha\\vendor\\laravel\\framework\\src\\Illuminate\\Container\\Util.php(41): Illuminate\\Container\\BoundMethod::Illuminate\\Container\\{closure}()\n#65 C:\\laragon\\www\\achadinhosdecorcozinha\\vendor\\laravel\\framework\\src\\Illuminate\\Container\\BoundMethod.php(93): Illuminate\\Container\\Util::unwrapIfClosure(Object(Closure))\n#66 C:\\laragon\\www\\achadinhosdecorcozinha\\vendor\\laravel\\framework\\src\\Illuminate\\Container\\BoundMethod.php(37): Illuminate\\Container\\BoundMethod::callBoundMethod(Object(Illuminate\\Foundation\\Application), Array, Object(Closure))\n#67 C:\\laragon\\www\\achadinhosdecorcozinha\\vendor\\laravel\\framework\\src\\Illuminate\\Container\\Container.php(662): Illuminate\\Container\\BoundMethod::call(Object(Illuminate\\Foundation\\Application), Array, Array, NULL)\n#68 C:\\laragon\\www\\achadinhosdecorcozinha\\vendor\\laravel\\framework\\src\\Illuminate\\Console\\Command.php(211): Illuminate\\Container\\Container->call(Array)\n#69 C:\\laragon\\www\\achadinhosdecorcozinha\\vendor\\symfony\\console\\Command\\Command.php(326): Illuminate\\Console\\Command->execute(Object(Symfony\\Component\\Console\\Input\\ArgvInput), Object(Illuminate\\Console\\OutputStyle))\n#70 C:\\laragon\\www\\achadinhosdecorcozinha\\vendor\\laravel\\framework\\src\\Illuminate\\Console\\Command.php(181): Symfony\\Component\\Console\\Command\\Command->run(Object(Symfony\\Component\\Console\\Input\\ArgvInput), Object(Illuminate\\Console\\OutputStyle))\n#71 C:\\laragon\\www\\achadinhosdecorcozinha\\vendor\\symfony\\console\\Application.php(1096): Illuminate\\Console\\Command->run(Object(Symfony\\Component\\Console\\Input\\ArgvInput), Object(Symfony\\Component\\Console\\Output\\ConsoleOutput))\n#72 C:\\laragon\\www\\achadinhosdecorcozinha\\vendor\\symfony\\console\\Application.php(324): Symfony\\Component\\Console\\Application->doRunCommand(Object(Illuminate\\Console\\Scheduling\\ScheduleRunCommand), Object(Symfony\\Component\\Console\\Input\\ArgvInput), Object(Symfony\\Component\\Console\\Output\\ConsoleOutput))\n#73 C:\\laragon\\www\\achadinhosdecorcozinha\\vendor\\symfony\\console\\Application.php(175): Symfony\\Component\\Console\\Application->doRun(Object(Symfony\\Component\\Console\\Input\\ArgvInput), Object(Symfony\\Component\\Console\\Output\\ConsoleOutput))\n#74 C:\\laragon\\www\\achadinhosdecorcozinha\\vendor\\laravel\\framework\\src\\Illuminate\\Foundation\\Console\\Kernel.php(201): Symfony\\Component\\Console\\Application->run(Object(Symfony\\Component\\Console\\Input\\ArgvInput), Object(Symfony\\Component\\Console\\Output\\ConsoleOutput))\n#75 C:\\laragon\\www\\achadinhosdecorcozinha\\artisan(37): Illuminate\\Foundation\\Console\\Kernel->handle(Object(Symfony\\Component\\Console\\Input\\ArgvInput), Object(Symfony\\Component\\Console\\Output\\ConsoleOutput))\n#76 {main}', '2025-03-21 23:06:04');

-- Copiando estrutura para tabela decorishouse.group_permissions
CREATE TABLE IF NOT EXISTS `group_permissions` (
  `id` bigint(20) unsigned NOT NULL AUTO_INCREMENT,
  `user_group_id` bigint(20) unsigned NOT NULL,
  `permission_id` bigint(20) unsigned NOT NULL,
  `created_at` timestamp NULL DEFAULT NULL,
  `updated_at` timestamp NULL DEFAULT NULL,
  PRIMARY KEY (`id`),
  KEY `group_permissions_user_group_id_foreign` (`user_group_id`),
  KEY `group_permissions_permission_id_foreign` (`permission_id`),
  CONSTRAINT `group_permissions_permission_id_foreign` FOREIGN KEY (`permission_id`) REFERENCES `permissions` (`id`) ON DELETE CASCADE,
  CONSTRAINT `group_permissions_user_group_id_foreign` FOREIGN KEY (`user_group_id`) REFERENCES `user_groups` (`id`) ON DELETE CASCADE
) ENGINE=InnoDB AUTO_INCREMENT=253 DEFAULT CHARSET=utf8mb4 COLLATE=utf8mb4_unicode_ci;

-- Copiando dados para a tabela decorishouse.group_permissions: ~180 rows (aproximadamente)
INSERT INTO `group_permissions` (`id`, `user_group_id`, `permission_id`, `created_at`, `updated_at`) VALUES
	(1, 1, 1, '2025-03-07 00:38:46', '2025-03-07 00:38:46'),
	(2, 1, 2, '2025-03-07 00:38:46', '2025-03-07 00:38:46'),
	(3, 1, 3, '2025-03-07 00:38:46', '2025-03-07 00:38:46'),
	(4, 1, 4, '2025-03-07 00:38:46', '2025-03-07 00:38:46'),
	(5, 1, 5, '2025-03-07 00:38:46', '2025-03-07 00:38:46'),
	(6, 1, 6, '2025-03-07 00:38:46', '2025-03-07 00:38:46'),
	(7, 1, 7, '2025-03-07 00:38:46', '2025-03-07 00:38:46'),
	(8, 1, 8, '2025-03-07 00:38:46', '2025-03-07 00:38:46'),
	(9, 1, 9, '2025-03-07 00:38:46', '2025-03-07 00:38:46'),
	(10, 1, 10, '2025-03-07 00:38:46', '2025-03-07 00:38:46'),
	(11, 1, 11, '2025-03-07 00:38:46', '2025-03-07 00:38:46'),
	(12, 1, 12, '2025-03-07 00:38:46', '2025-03-07 00:38:46'),
	(13, 1, 13, '2025-03-07 00:38:46', '2025-03-07 00:38:46'),
	(14, 1, 14, '2025-03-07 00:38:46', '2025-03-07 00:38:46'),
	(15, 1, 15, '2025-03-07 00:38:46', '2025-03-07 00:38:46'),
	(16, 1, 16, '2025-03-07 00:38:46', '2025-03-07 00:38:46'),
	(17, 1, 17, '2025-03-07 00:38:46', '2025-03-07 00:38:46'),
	(18, 1, 18, '2025-03-07 00:38:46', '2025-03-07 00:38:46'),
	(19, 1, 19, '2025-03-07 00:38:46', '2025-03-07 00:38:46'),
	(20, 1, 20, '2025-03-07 00:38:46', '2025-03-07 00:38:46'),
	(21, 1, 21, '2025-03-07 00:38:46', '2025-03-07 00:38:46'),
	(22, 1, 22, '2025-03-07 00:38:46', '2025-03-07 00:38:46'),
	(23, 1, 23, '2025-03-07 00:38:46', '2025-03-07 00:38:46'),
	(24, 1, 24, '2025-03-07 00:38:46', '2025-03-07 00:38:46'),
	(25, 1, 25, '2025-03-07 00:38:46', '2025-03-07 00:38:46'),
	(26, 1, 26, '2025-03-07 00:38:46', '2025-03-07 00:38:46'),
	(27, 1, 27, '2025-03-07 00:38:46', '2025-03-07 00:38:46'),
	(28, 1, 28, '2025-03-07 00:38:46', '2025-03-07 00:38:46'),
	(29, 1, 29, '2025-03-07 00:38:46', '2025-03-07 00:38:46'),
	(30, 1, 30, '2025-03-07 00:38:46', '2025-03-07 00:38:46'),
	(31, 1, 31, '2025-03-07 00:38:46', '2025-03-07 00:38:46'),
	(32, 1, 32, '2025-03-07 00:38:46', '2025-03-07 00:38:46'),
	(33, 1, 33, '2025-03-07 00:38:46', '2025-03-07 00:38:46'),
	(34, 1, 34, '2025-03-07 00:38:46', '2025-03-07 00:38:46'),
	(35, 1, 35, '2025-03-07 00:38:46', '2025-03-07 00:38:46'),
	(67, 1, 67, '2025-03-07 00:38:46', '2025-03-07 00:38:46'),
	(68, 1, 68, '2025-03-07 00:38:46', '2025-03-07 00:38:46'),
	(69, 1, 69, '2025-03-07 00:38:46', '2025-03-07 00:38:46'),
	(70, 1, 70, '2025-03-07 00:38:46', '2025-03-07 00:38:46'),
	(71, 1, 71, '2025-03-07 00:38:46', '2025-03-07 00:38:46'),
	(72, 1, 72, '2025-03-07 00:38:46', '2025-03-07 00:38:46'),
	(73, 1, 73, '2025-03-07 00:38:46', '2025-03-07 00:38:46'),
	(108, 1, 108, '2025-03-07 00:38:46', '2025-03-07 00:38:46'),
	(109, 1, 109, '2025-03-07 00:38:46', '2025-03-07 00:38:46'),
	(110, 1, 110, '2025-03-07 00:38:46', '2025-03-07 00:38:46'),
	(111, 1, 111, '2025-03-07 00:38:46', '2025-03-07 00:38:46'),
	(112, 1, 112, '2025-03-07 00:38:46', '2025-03-07 00:38:46'),
	(113, 1, 113, '2025-03-07 00:38:46', '2025-03-07 00:38:46'),
	(114, 1, 114, '2025-03-07 00:38:46', '2025-03-07 00:38:46'),
	(115, 1, 115, '2025-03-07 00:38:46', '2025-03-07 00:38:46'),
	(116, 1, 116, '2025-03-07 00:38:46', '2025-03-07 00:38:46'),
	(117, 1, 117, '2025-03-07 00:38:46', '2025-03-07 00:38:46'),
	(118, 1, 118, '2025-03-07 00:38:46', '2025-03-07 00:38:46'),
	(119, 1, 119, '2025-03-07 00:38:46', '2025-03-07 00:38:46'),
	(120, 1, 120, '2025-03-07 00:38:46', '2025-03-07 00:38:46'),
	(121, 1, 121, '2025-03-07 00:38:46', '2025-03-07 00:38:46'),
	(122, 1, 122, '2025-03-07 00:38:46', '2025-03-07 00:38:46'),
	(123, 2, 2, '2025-03-07 00:38:46', '2025-03-07 00:38:46'),
	(124, 2, 3, '2025-03-07 00:38:46', '2025-03-07 00:38:46'),
	(125, 2, 4, '2025-03-07 00:38:46', '2025-03-07 00:38:46'),
	(126, 2, 5, '2025-03-07 00:38:46', '2025-03-07 00:38:46'),
	(127, 2, 6, '2025-03-07 00:38:46', '2025-03-07 00:38:46'),
	(128, 2, 7, '2025-03-07 00:38:46', '2025-03-07 00:38:46'),
	(129, 2, 8, '2025-03-07 00:38:46', '2025-03-07 00:38:46'),
	(130, 2, 9, '2025-03-07 00:38:46', '2025-03-07 00:38:46'),
	(131, 2, 10, '2025-03-07 00:38:46', '2025-03-07 00:38:46'),
	(132, 2, 11, '2025-03-07 00:38:46', '2025-03-07 00:38:46'),
	(133, 2, 12, '2025-03-07 00:38:46', '2025-03-07 00:38:46'),
	(134, 2, 13, '2025-03-07 00:38:46', '2025-03-07 00:38:46'),
	(135, 2, 14, '2025-03-07 00:38:46', '2025-03-07 00:38:46'),
	(136, 2, 15, '2025-03-07 00:38:46', '2025-03-07 00:38:46'),
	(137, 2, 16, '2025-03-07 00:38:46', '2025-03-07 00:38:46'),
	(138, 2, 17, '2025-03-07 00:38:46', '2025-03-07 00:38:46'),
	(139, 2, 18, '2025-03-07 00:38:46', '2025-03-07 00:38:46'),
	(140, 2, 19, '2025-03-07 00:38:46', '2025-03-07 00:38:46'),
	(141, 2, 20, '2025-03-07 00:38:46', '2025-03-07 00:38:46'),
	(142, 2, 21, '2025-03-07 00:38:46', '2025-03-07 00:38:46'),
	(143, 2, 22, '2025-03-07 00:38:46', '2025-03-07 00:38:46'),
	(144, 2, 23, '2025-03-07 00:38:46', '2025-03-07 00:38:46'),
	(145, 2, 24, '2025-03-07 00:38:46', '2025-03-07 00:38:46'),
	(146, 2, 25, '2025-03-07 00:38:46', '2025-03-07 00:38:46'),
	(147, 2, 26, '2025-03-07 00:38:46', '2025-03-07 00:38:46'),
	(148, 2, 27, '2025-03-07 00:38:46', '2025-03-07 00:38:46'),
	(149, 2, 28, '2025-03-07 00:38:46', '2025-03-07 00:38:46'),
	(150, 2, 29, '2025-03-07 00:38:46', '2025-03-07 00:38:46'),
	(151, 2, 30, '2025-03-07 00:38:46', '2025-03-07 00:38:46'),
	(152, 2, 31, '2025-03-07 00:38:46', '2025-03-07 00:38:46'),
	(153, 2, 32, '2025-03-07 00:38:46', '2025-03-07 00:38:46'),
	(154, 2, 33, '2025-03-07 00:38:46', '2025-03-07 00:38:46'),
	(155, 2, 34, '2025-03-07 00:38:46', '2025-03-07 00:38:46'),
	(156, 2, 35, '2025-03-07 00:38:46', '2025-03-07 00:38:46'),
	(157, 2, 36, '2025-03-07 00:38:46', '2025-03-07 00:38:46'),
	(158, 2, 37, '2025-03-07 00:38:46', '2025-03-07 00:38:46'),
	(159, 2, 38, '2025-03-07 00:38:46', '2025-03-07 00:38:46'),
	(160, 2, 39, '2025-03-07 00:38:46', '2025-03-07 00:38:46'),
	(161, 2, 40, '2025-03-07 00:38:46', '2025-03-07 00:38:46'),
	(162, 2, 41, '2025-03-07 00:38:46', '2025-03-07 00:38:46'),
	(163, 2, 42, '2025-03-07 00:38:46', '2025-03-07 00:38:46'),
	(164, 2, 43, '2025-03-07 00:38:46', '2025-03-07 00:38:46'),
	(165, 2, 44, '2025-03-07 00:38:46', '2025-03-07 00:38:46'),
	(166, 2, 45, '2025-03-07 00:38:46', '2025-03-07 00:38:46'),
	(167, 2, 46, '2025-03-07 00:38:46', '2025-03-07 00:38:46'),
	(168, 2, 47, '2025-03-07 00:38:46', '2025-03-07 00:38:46'),
	(169, 2, 48, '2025-03-07 00:38:46', '2025-03-07 00:38:46'),
	(170, 2, 49, '2025-03-07 00:38:46', '2025-03-07 00:38:46'),
	(171, 2, 50, '2025-03-07 00:38:46', '2025-03-07 00:38:46'),
	(172, 2, 51, '2025-03-07 00:38:46', '2025-03-07 00:38:46'),
	(173, 2, 52, '2025-03-07 00:38:46', '2025-03-07 00:38:46'),
	(174, 2, 53, '2025-03-07 00:38:46', '2025-03-07 00:38:46'),
	(175, 2, 54, '2025-03-07 00:38:46', '2025-03-07 00:38:46'),
	(176, 2, 55, '2025-03-07 00:38:46', '2025-03-07 00:38:46'),
	(177, 2, 56, '2025-03-07 00:38:46', '2025-03-07 00:38:46'),
	(178, 2, 57, '2025-03-07 00:38:46', '2025-03-07 00:38:46'),
	(179, 2, 58, '2025-03-07 00:38:46', '2025-03-07 00:38:46'),
	(180, 2, 59, '2025-03-07 00:38:46', '2025-03-07 00:38:46'),
	(181, 2, 60, '2025-03-07 00:38:46', '2025-03-07 00:38:46'),
	(182, 2, 61, '2025-03-07 00:38:46', '2025-03-07 00:38:46'),
	(183, 2, 62, '2025-03-07 00:38:46', '2025-03-07 00:38:46'),
	(184, 2, 63, '2025-03-07 00:38:46', '2025-03-07 00:38:46'),
	(185, 2, 64, '2025-03-07 00:38:46', '2025-03-07 00:38:46'),
	(186, 2, 65, '2025-03-07 00:38:46', '2025-03-07 00:38:46'),
	(187, 2, 66, '2025-03-07 00:38:46', '2025-03-07 00:38:46'),
	(188, 2, 67, '2025-03-07 00:38:46', '2025-03-07 00:38:46'),
	(189, 2, 68, '2025-03-07 00:38:46', '2025-03-07 00:38:46'),
	(190, 2, 69, '2025-03-07 00:38:46', '2025-03-07 00:38:46'),
	(191, 2, 70, '2025-03-07 00:38:46', '2025-03-07 00:38:46'),
	(192, 2, 71, '2025-03-07 00:38:46', '2025-03-07 00:38:46'),
	(193, 2, 72, '2025-03-07 00:38:46', '2025-03-07 00:38:46'),
	(194, 2, 73, '2025-03-07 00:38:46', '2025-03-07 00:38:46'),
	(195, 2, 74, '2025-03-07 00:38:46', '2025-03-07 00:38:46'),
	(196, 2, 75, '2025-03-07 00:38:46', '2025-03-07 00:38:46'),
	(197, 2, 76, '2025-03-07 00:38:46', '2025-03-07 00:38:46'),
	(198, 2, 77, '2025-03-07 00:38:46', '2025-03-07 00:38:46'),
	(199, 2, 78, '2025-03-07 00:38:46', '2025-03-07 00:38:46'),
	(200, 2, 79, '2025-03-07 00:38:46', '2025-03-07 00:38:46'),
	(201, 2, 80, '2025-03-07 00:38:46', '2025-03-07 00:38:46'),
	(202, 2, 81, '2025-03-07 00:38:46', '2025-03-07 00:38:46'),
	(203, 2, 82, '2025-03-07 00:38:46', '2025-03-07 00:38:46'),
	(204, 2, 83, '2025-03-07 00:38:46', '2025-03-07 00:38:46'),
	(205, 2, 84, '2025-03-07 00:38:46', '2025-03-07 00:38:46'),
	(206, 2, 85, '2025-03-07 00:38:46', '2025-03-07 00:38:46'),
	(207, 2, 86, '2025-03-07 00:38:46', '2025-03-07 00:38:46'),
	(208, 2, 87, '2025-03-07 00:38:46', '2025-03-07 00:38:46'),
	(209, 2, 88, '2025-03-07 00:38:46', '2025-03-07 00:38:46'),
	(210, 2, 89, '2025-03-07 00:38:46', '2025-03-07 00:38:46'),
	(211, 2, 90, '2025-03-07 00:38:46', '2025-03-07 00:38:46'),
	(212, 2, 91, '2025-03-07 00:38:46', '2025-03-07 00:38:46'),
	(213, 2, 92, '2025-03-07 00:38:46', '2025-03-07 00:38:46'),
	(214, 2, 93, '2025-03-07 00:38:46', '2025-03-07 00:38:46'),
	(215, 2, 94, '2025-03-07 00:38:46', '2025-03-07 00:38:46'),
	(216, 2, 95, '2025-03-07 00:38:46', '2025-03-07 00:38:46'),
	(217, 2, 96, '2025-03-07 00:38:46', '2025-03-07 00:38:46'),
	(218, 2, 97, '2025-03-07 00:38:46', '2025-03-07 00:38:46'),
	(219, 2, 98, '2025-03-07 00:38:46', '2025-03-07 00:38:46'),
	(220, 2, 99, '2025-03-07 00:38:46', '2025-03-07 00:38:46'),
	(221, 2, 100, '2025-03-07 00:38:46', '2025-03-07 00:38:46'),
	(222, 2, 101, '2025-03-07 00:38:46', '2025-03-07 00:38:46'),
	(223, 2, 102, '2025-03-07 00:38:46', '2025-03-07 00:38:46'),
	(224, 2, 103, '2025-03-07 00:38:46', '2025-03-07 00:38:46'),
	(225, 2, 104, '2025-03-07 00:38:46', '2025-03-07 00:38:46'),
	(226, 2, 105, '2025-03-07 00:38:46', '2025-03-07 00:38:46'),
	(227, 2, 106, '2025-03-07 00:38:46', '2025-03-07 00:38:46'),
	(228, 2, 107, '2025-03-07 00:38:46', '2025-03-07 00:38:46'),
	(229, 2, 108, '2025-03-07 00:38:46', '2025-03-07 00:38:46'),
	(230, 2, 109, '2025-03-07 00:38:46', '2025-03-07 00:38:46'),
	(231, 2, 110, '2025-03-07 00:38:46', '2025-03-07 00:38:46'),
	(232, 2, 111, '2025-03-07 00:38:46', '2025-03-07 00:38:46'),
	(233, 2, 112, '2025-03-07 00:38:46', '2025-03-07 00:38:46'),
	(234, 2, 113, '2025-03-07 00:38:46', '2025-03-07 00:38:46'),
	(235, 2, 114, '2025-03-07 00:38:46', '2025-03-07 00:38:46'),
	(236, 2, 115, '2025-03-07 00:38:46', '2025-03-07 00:38:46'),
	(237, 2, 116, '2025-03-07 00:38:46', '2025-03-07 00:38:46'),
	(238, 2, 117, '2025-03-07 00:38:46', '2025-03-07 00:38:46'),
	(239, 2, 118, '2025-03-07 00:38:46', '2025-03-07 00:38:46'),
	(240, 2, 119, '2025-03-07 00:38:46', '2025-03-07 00:38:46'),
	(241, 2, 120, '2025-03-07 00:38:46', '2025-03-07 00:38:46'),
	(242, 2, 121, '2025-03-07 00:38:46', '2025-03-07 00:38:46'),
	(243, 2, 122, '2025-03-07 00:38:46', '2025-03-07 00:38:46'),
	(244, 2, 123, '2025-03-21 19:06:11', '2025-03-21 19:06:11'),
	(245, 1, 123, '2025-03-07 00:38:46', '2025-03-07 00:38:46'),
	(246, 1, 51, NULL, NULL),
	(247, 1, 52, NULL, NULL),
	(248, 1, 53, NULL, NULL),
	(249, 1, 54, NULL, NULL),
	(250, 1, 55, NULL, NULL),
	(251, 1, 56, NULL, NULL),
	(252, 1, 57, NULL, NULL);

-- Copiando estrutura para tabela decorishouse.integrations
CREATE TABLE IF NOT EXISTS `integrations` (
  `id` bigint(20) unsigned NOT NULL AUTO_INCREMENT,
  `name` varchar(255) COLLATE utf8mb4_unicode_ci NOT NULL,
  `slug` varchar(255) COLLATE utf8mb4_unicode_ci NOT NULL,
  `description` longtext COLLATE utf8mb4_unicode_ci,
  `type` varchar(255) COLLATE utf8mb4_unicode_ci NOT NULL DEFAULT 'utilities',
  `settings` longtext CHARACTER SET utf8mb4 COLLATE utf8mb4_bin,
  `status` bigint(20) unsigned NOT NULL,
  `created_at` timestamp NULL DEFAULT NULL,
  `updated_at` timestamp NULL DEFAULT NULL,
  PRIMARY KEY (`id`),
  UNIQUE KEY `integrations_name_unique` (`name`),
  UNIQUE KEY `integrations_slug_unique` (`slug`),
  KEY `integrations_slug_index` (`slug`),
  KEY `integrations_status_foreign` (`status`),
  CONSTRAINT `integrations_status_foreign` FOREIGN KEY (`status`) REFERENCES `statuses` (`id`) ON DELETE CASCADE
) ENGINE=InnoDB AUTO_INCREMENT=10 DEFAULT CHARSET=utf8mb4 COLLATE=utf8mb4_unicode_ci;

-- Copiando dados para a tabela decorishouse.integrations: ~9 rows (aproximadamente)
INSERT INTO `integrations` (`id`, `name`, `slug`, `description`, `type`, `settings`, `status`, `created_at`, `updated_at`) VALUES
	(1, 'Send Pulse', 'send-pulse', 'Ferramenta SMTP utilizada para o envio de e-mail transacionais.', 'communication', '{"client_id": "b5ee542704980cd49f503fb1914d077c", "client_secret": "5a21fae30e1c56a41accfa7855f233f2"}', 1, '2025-03-07 00:38:48', '2025-03-07 00:38:48'),
	(2, 'Amazon', 'amazon', 'Integração com Amazon para obter links de produtos e afiliados.', 'marketplaces', NULL, 1, '2025-03-07 00:38:48', '2025-03-07 00:38:48'),
	(3, 'Shopee', 'shopee', 'Integração com Shopee para obter links de produtos e afiliados.', 'marketplaces', '{"app_id":"18330580567","secret_key":"SUUB2DXESAQLKZ74GJLLCWWXYY2XILFP","parter_id":"1278034","parter_key":"71614b4a49775858624f44674261467176736a71415a444e744868617044424b"}', 1, '2025-03-07 00:38:48', '2025-03-22 19:53:02'),
	(4, 'Mercado Livre', 'mercado-livre', 'Integração com Mercado Livre para obter links de produtos e afiliados.', 'marketplaces', NULL, 1, '2025-03-07 00:38:48', '2025-03-07 00:38:48'),
	(5, 'Google Analytics', 'google-analytics', 'Ferramenta de Análise para obter números e relatórios do site.', 'analytics', NULL, 2, '2025-03-07 00:38:48', '2025-03-07 00:38:48'),
	(6, 'WhatsApp API', 'whatsapp-api', 'Ferramenta de envio de notificações no whatsapp.', 'communication', '{"host": "https://evolution.deujogo.com.br/message/sendText/innsystem", "token": "emndfetgsqimukpr1hx4"}', 1, '2025-03-07 00:38:48', '2025-03-21 20:48:52'),
	(7, 'Mercado Pago', 'mercadopago', 'Integração com Meio de Pagamento por cartão de crédito, boleto e pix.', 'payments', '{"fee_pix": "0.99", "fee_boleto": "3.49", "status_pix": "1", "access_token": "1234567890ABCDEFGHJI", "status_boleto": "0", "fee_credit_card": "4.98", "fee_installment": "0", "max_installments": "12", "installments_free": "2", "status_credit_card": "1"}', 1, '2025-03-07 00:38:48', '2025-03-07 00:38:48'),
	(8, 'PagSeguro', 'pagseguro', 'Integração com Meio de Pagamento por cartão de crédito, boleto e pix.', 'payments', NULL, 1, '2025-03-07 00:38:48', '2025-03-07 00:38:48'),
	(9, 'Pagamento no Local', 'pagamento-no-local', 'Recebimento de pagamento no Local.', 'payments', NULL, 1, '2025-03-07 00:38:48', '2025-03-07 00:38:48');

-- Copiando estrutura para tabela decorishouse.integration_categories
CREATE TABLE IF NOT EXISTS `integration_categories` (
  `id` bigint(20) unsigned NOT NULL AUTO_INCREMENT,
  `integration_id` bigint(20) unsigned NOT NULL,
  `category_id` bigint(20) unsigned NOT NULL,
  `api_category_id` varchar(255) COLLATE utf8mb4_unicode_ci NOT NULL,
  `api_category_name` varchar(255) COLLATE utf8mb4_unicode_ci NOT NULL,
  `api_category_link_affiliate` varchar(255) COLLATE utf8mb4_unicode_ci DEFAULT NULL,
  `api_category_commission` varchar(255) COLLATE utf8mb4_unicode_ci DEFAULT NULL,
  `created_at` timestamp NULL DEFAULT NULL,
  `updated_at` timestamp NULL DEFAULT NULL,
  PRIMARY KEY (`id`),
  UNIQUE KEY `integration_categories_api_category_id_unique` (`api_category_id`),
  KEY `integration_categories_integration_id_foreign` (`integration_id`),
  KEY `integration_categories_category_id_foreign` (`category_id`),
  CONSTRAINT `integration_categories_category_id_foreign` FOREIGN KEY (`category_id`) REFERENCES `categories` (`id`) ON DELETE CASCADE,
  CONSTRAINT `integration_categories_integration_id_foreign` FOREIGN KEY (`integration_id`) REFERENCES `integrations` (`id`) ON DELETE CASCADE
) ENGINE=InnoDB AUTO_INCREMENT=150 DEFAULT CHARSET=utf8mb4 COLLATE=utf8mb4_unicode_ci;

-- Copiando dados para a tabela decorishouse.integration_categories: ~149 rows (aproximadamente)
INSERT INTO `integration_categories` (`id`, `integration_id`, `category_id`, `api_category_id`, `api_category_name`, `api_category_link_affiliate`, `api_category_commission`, `created_at`, `updated_at`) VALUES
	(1, 3, 13, '101141', 'Alças de Segurança', NULL, NULL, '2025-03-29 02:43:05', '2025-03-29 02:43:05'),
	(2, 3, 14, '101140', 'Bancos e Cadeiras de Banho', NULL, NULL, '2025-03-29 02:43:05', '2025-03-29 02:43:05'),
	(3, 3, 15, '101137', 'Chuveiro, Chuveirinhos e Bidês', NULL, NULL, '2025-03-29 02:43:05', '2025-03-29 02:43:05'),
	(4, 3, 16, '101139', 'Cortinas de Chuveiro', NULL, NULL, '2025-03-29 02:43:05', '2025-03-29 02:43:05'),
	(5, 3, 17, '101133', 'Distribuidores, Suportes e Caixas de Sabonete', NULL, NULL, '2025-03-29 02:43:05', '2025-03-29 02:43:05'),
	(6, 3, 18, '101138', 'Escovas e Buchas de Banho', NULL, NULL, '2025-03-29 02:43:05', '2025-03-29 02:43:05'),
	(7, 3, 19, '101143', 'Outros Banheiros', NULL, NULL, '2025-03-29 02:43:05', '2025-03-29 02:43:05'),
	(8, 3, 20, '101132', 'Suportes para Escovas e Pasta de Dente', NULL, NULL, '2025-03-29 02:43:05', '2025-03-29 02:43:05'),
	(9, 3, 21, '101790', 'Toalhas de Banho', NULL, NULL, '2025-03-29 02:43:05', '2025-03-29 02:43:05'),
	(10, 3, 22, '101791', 'Toalhas de Rosto e Mãos', NULL, NULL, '2025-03-29 02:43:05', '2025-03-29 02:43:05'),
	(11, 3, 23, '101792', 'Roupões de Banho', NULL, NULL, '2025-03-29 02:43:05', '2025-03-29 02:43:05'),
	(12, 3, 24, '101793', 'Outras Toalhas e Roupões', NULL, NULL, '2025-03-29 02:43:05', '2025-03-29 02:43:05'),
	(13, 3, 25, '101142', 'Toucas de Banho', NULL, NULL, '2025-03-29 02:43:05', '2025-03-29 02:43:05'),
	(14, 3, 26, '101131', 'Vasos, Assentos e Tampas de Sanitário', NULL, NULL, '2025-03-29 02:43:05', '2025-03-29 02:43:05'),
	(15, 3, 27, '101230', 'Abridores de Latas e Garrafas', NULL, NULL, '2025-03-29 02:43:05', '2025-03-29 02:43:05'),
	(16, 3, 28, '101220', 'Armazenamento de Alimentos', NULL, NULL, '2025-03-29 02:43:05', '2025-03-29 02:43:05'),
	(17, 3, 29, '101223', 'Artigos para Chá, Café e Bar', NULL, NULL, '2025-03-29 02:43:05', '2025-03-29 02:43:05'),
	(18, 3, 30, '101217', 'Assadeiras e Decorações', NULL, NULL, '2025-03-29 02:43:05', '2025-03-29 02:43:05'),
	(19, 3, 31, '101225', 'Aventais e Luvas de Forno', NULL, NULL, '2025-03-29 02:43:05', '2025-03-29 02:43:05'),
	(20, 3, 32, '101234', 'Balanças de Cozinha', NULL, NULL, '2025-03-29 02:43:05', '2025-03-29 02:43:05'),
	(21, 3, 33, '101229', 'Batedor de Claras e Fues', NULL, NULL, '2025-03-29 02:43:05', '2025-03-29 02:43:05'),
	(22, 3, 34, '101231', 'Copos e Colheres de Medição', NULL, NULL, '2025-03-29 02:43:05', '2025-03-29 02:43:05'),
	(23, 3, 35, '101224', 'Escorredores de Louças', NULL, NULL, '2025-03-29 02:43:05', '2025-03-29 02:43:05'),
	(24, 3, 36, '101226', 'Espátulas e Pegadores de Cozinha', NULL, NULL, '2025-03-29 02:43:05', '2025-03-29 02:43:05'),
	(25, 3, 37, '101228', 'Facas e Tesouras de Cozinha', NULL, NULL, '2025-03-29 02:43:05', '2025-03-29 02:43:05'),
	(26, 3, 38, '101218', 'Frigideiras', NULL, NULL, '2025-03-29 02:43:05', '2025-03-29 02:43:05'),
	(27, 3, 39, '101216', 'Grelhas e Acessórios', NULL, NULL, '2025-03-29 02:43:05', '2025-03-29 02:43:05'),
	(28, 3, 40, '101237', 'Outros Artigos de Cozinha', NULL, NULL, '2025-03-29 02:43:05', '2025-03-29 02:43:05'),
	(29, 3, 41, '101219', 'Panelas', NULL, NULL, '2025-03-29 02:43:05', '2025-03-29 02:43:05'),
	(30, 3, 42, '101222', 'Papel Alumínio', NULL, NULL, '2025-03-29 02:43:05', '2025-03-29 02:43:05'),
	(31, 3, 43, '101221', 'Papel Filme', NULL, NULL, '2025-03-29 02:43:05', '2025-03-29 02:43:05'),
	(32, 3, 44, '101232', 'Peneiras e Escorredores de Massa', NULL, NULL, '2025-03-29 02:43:05', '2025-03-29 02:43:05'),
	(33, 3, 45, '101233', 'Raladores, Descascadores e Cortadores', NULL, NULL, '2025-03-29 02:43:05', '2025-03-29 02:43:05'),
	(34, 3, 46, '101235', 'Seladoras', NULL, NULL, '2025-03-29 02:43:05', '2025-03-29 02:43:05'),
	(35, 3, 47, '101227', 'Tábuas de Cortar', NULL, NULL, '2025-03-29 02:43:05', '2025-03-29 02:43:05'),
	(36, 3, 48, '101159', 'Capachos', NULL, NULL, '2025-03-29 02:43:05', '2025-03-29 02:43:05'),
	(37, 3, 49, '101154', 'Capas para Móveis e Eletrodomésticos', NULL, NULL, '2025-03-29 02:43:05', '2025-03-29 02:43:05'),
	(38, 3, 50, '101160', 'Carpetes e Tapetes', NULL, NULL, '2025-03-29 02:43:05', '2025-03-29 02:43:05'),
	(39, 3, 51, '101155', 'Cortinas e Persianas', NULL, NULL, '2025-03-29 02:43:05', '2025-03-29 02:43:05'),
	(40, 3, 52, '101163', 'Espelhos', NULL, NULL, '2025-03-29 02:43:05', '2025-03-29 02:43:05'),
	(41, 3, 53, '101153', 'Flores', NULL, NULL, '2025-03-29 02:43:05', '2025-03-29 02:43:05'),
	(42, 3, 54, '101156', 'Molduras para Fotos e Decoração de Parede', NULL, NULL, '2025-03-29 02:43:05', '2025-03-29 02:43:05'),
	(43, 3, 55, '101165', 'Outras Decorações', NULL, NULL, '2025-03-29 02:43:05', '2025-03-29 02:43:05'),
	(44, 3, 56, '101157', 'Papéis de Parede e Adesivos de Parede', NULL, NULL, '2025-03-29 02:43:05', '2025-03-29 02:43:05'),
	(45, 3, 57, '101158', 'Relógios', NULL, NULL, '2025-03-29 02:43:05', '2025-03-29 02:43:05'),
	(46, 3, 58, '101164', 'Toalhas de Mesa', NULL, NULL, '2025-03-29 02:43:05', '2025-03-29 02:43:05'),
	(47, 3, 59, '101161', 'Vasos e Vasilhas', NULL, NULL, '2025-03-29 02:43:05', '2025-03-29 02:43:05'),
	(48, 3, 60, '101162', 'Velas e Castiçais', NULL, NULL, '2025-03-29 02:43:05', '2025-03-29 02:43:05'),
	(49, 3, 61, '101186', 'Adesivos e Fitas Industriais', NULL, NULL, '2025-03-29 02:43:05', '2025-03-29 02:43:05'),
	(50, 3, 62, '101192', 'Bombas de Água, Peças e Acessórios', NULL, NULL, '2025-03-29 02:43:05', '2025-03-29 02:43:05'),
	(51, 3, 63, '101193', 'Bombas de Ar, Peças e Acessórios', NULL, NULL, '2025-03-29 02:43:05', '2025-03-29 02:43:05'),
	(52, 3, 64, '101195', 'Carros de Ferramentas', NULL, NULL, '2025-03-29 02:43:05', '2025-03-29 02:43:05'),
	(53, 3, 65, '101196', 'Cortinas, Toldos e Lonas', NULL, NULL, '2025-03-29 02:43:05', '2025-03-29 02:43:05'),
	(54, 3, 66, '101194', 'Escadas', NULL, NULL, '2025-03-29 02:43:05', '2025-03-29 02:43:05'),
	(55, 3, 67, '101794', 'Caixas de Ferramentas', NULL, NULL, '2025-03-29 02:43:05', '2025-03-29 02:43:05'),
	(56, 3, 68, '101795', 'Fitas Métricas', NULL, NULL, '2025-03-29 02:43:05', '2025-03-29 02:43:05'),
	(57, 3, 69, '101796', 'Conjuntos de Chaves', NULL, NULL, '2025-03-29 02:43:05', '2025-03-29 02:43:05'),
	(58, 3, 70, '101797', 'Martelos', NULL, NULL, '2025-03-29 02:43:05', '2025-03-29 02:43:05'),
	(59, 3, 71, '101798', 'Alicates', NULL, NULL, '2025-03-29 02:43:05', '2025-03-29 02:43:05'),
	(60, 3, 72, '101799', 'Pregos, Parafusos e Fechos', NULL, NULL, '2025-03-29 02:43:05', '2025-03-29 02:43:05'),
	(61, 3, 73, '101800', 'Brocas, Chaves de Fenda e Acessórios', NULL, NULL, '2025-03-29 02:43:05', '2025-03-29 02:43:05'),
	(62, 3, 74, '101801', 'Serras, Máquinas de Corte e Esmerilhadeiras', NULL, NULL, '2025-03-29 02:43:05', '2025-03-29 02:43:05'),
	(63, 3, 75, '101802', 'Lavadora de Alta Pressão', NULL, NULL, '2025-03-29 02:43:05', '2025-03-29 02:43:05'),
	(64, 3, 76, '101803', 'Geradores de Energia', NULL, NULL, '2025-03-29 02:43:05', '2025-03-29 02:43:05'),
	(65, 3, 77, '101804', 'Testadores Elétricos e Multímetros', NULL, NULL, '2025-03-29 02:43:05', '2025-03-29 02:43:05'),
	(66, 3, 78, '101805', 'Níveis e Rodas de Medição', NULL, NULL, '2025-03-29 02:43:05', '2025-03-29 02:43:05'),
	(67, 3, 79, '101806', 'Telêmetros', NULL, NULL, '2025-03-29 02:43:05', '2025-03-29 02:43:05'),
	(68, 3, 80, '101807', 'Compressores de Ar', NULL, NULL, '2025-03-29 02:43:05', '2025-03-29 02:43:05'),
	(69, 3, 81, '101808', 'Lixas, Lixadeiras Elétricas e Acessórios', NULL, NULL, '2025-03-29 02:43:05', '2025-03-29 02:43:05'),
	(70, 3, 82, '101809', 'Ferramentas de Soldagem Elétrica', NULL, NULL, '2025-03-29 02:43:05', '2025-03-29 02:43:05'),
	(71, 3, 83, '101810', 'Sopradores', NULL, NULL, '2025-03-29 02:43:05', '2025-03-29 02:43:05'),
	(72, 3, 84, '101811', 'Outros Ferramentas', NULL, NULL, '2025-03-29 02:43:05', '2025-03-29 02:43:05'),
	(73, 3, 85, '101187', 'Luvas, Óculos e Máscaras de Proteção', NULL, NULL, '2025-03-29 02:43:05', '2025-03-29 02:43:05'),
	(74, 3, 86, '101197', 'Materiais de Construção', NULL, NULL, '2025-03-29 02:43:05', '2025-03-29 02:43:05'),
	(75, 3, 84, '101199', 'Outros Ferramentas', NULL, NULL, '2025-03-29 02:43:05', '2025-03-29 02:43:05'),
	(76, 3, 87, '101188', 'Pias e Torneiras de Água', NULL, NULL, '2025-03-29 02:43:05', '2025-03-29 02:43:05'),
	(77, 3, 88, '101189', 'Telhados e Pisos', NULL, NULL, '2025-03-29 02:43:05', '2025-03-29 02:43:05'),
	(78, 3, 89, '101190', 'Tintas e Revestimentos para Paredes', NULL, NULL, '2025-03-29 02:43:05', '2025-03-29 02:43:05'),
	(79, 3, 90, '101249', 'Cofres', NULL, NULL, '2025-03-29 02:43:05', '2025-03-29 02:43:05'),
	(80, 3, 91, '101250', 'Equipamentos Anti-Incêndio', NULL, NULL, '2025-03-29 02:43:05', '2025-03-29 02:43:05'),
	(81, 3, 92, '101251', 'Ferragens e Fechaduras para Portas', NULL, NULL, '2025-03-29 02:43:05', '2025-03-29 02:43:05'),
	(82, 3, 93, '101252', 'Outras Segurança', NULL, NULL, '2025-03-29 02:43:05', '2025-03-29 02:43:05'),
	(83, 3, 94, '101129', 'Difusores e Queimadores de Óleo', NULL, NULL, '2025-03-29 02:43:05', '2025-03-29 02:43:05'),
	(84, 3, 95, '101128', 'Óleos Essenciais', NULL, NULL, '2025-03-29 02:43:05', '2025-03-29 02:43:05'),
	(85, 3, 96, '101130', 'Outras Fragrâncias', NULL, NULL, '2025-03-29 02:43:05', '2025-03-29 02:43:05'),
	(86, 3, 97, '101127', 'Purificadores de Ar e Fragrâncias Caseiras', NULL, NULL, '2025-03-29 02:43:05', '2025-03-29 02:43:05'),
	(87, 3, 99, '100719', 'Quarto', NULL, NULL, '2025-03-29 02:43:05', '2025-03-28 23:55:25'),
	(88, 3, 100, '101185', 'Cortadores de Grama', NULL, NULL, '2025-03-29 02:43:05', '2025-03-29 02:43:05'),
	(89, 3, 101, '101177', 'Decorações de Jardim', NULL, NULL, '2025-03-29 02:43:05', '2025-03-29 02:43:05'),
	(90, 3, 102, '101183', 'Ferramentas de Jardinagem', NULL, NULL, '2025-03-29 02:43:05', '2025-03-29 02:43:05'),
	(91, 3, 103, '101179', 'Fertilizantes', NULL, NULL, '2025-03-29 02:43:05', '2025-03-29 02:43:05'),
	(92, 3, 104, '101184', 'Outros Jardinagem', NULL, NULL, '2025-03-29 02:43:05', '2025-03-29 02:43:05'),
	(93, 3, 105, '101176', 'Plantas', NULL, NULL, '2025-03-29 02:43:05', '2025-03-29 02:43:05'),
	(94, 3, 106, '101180', 'Sementes e Mudas', NULL, NULL, '2025-03-29 02:43:05', '2025-03-29 02:43:05'),
	(95, 3, 107, '101182', 'Sistemas de Irrigação', NULL, NULL, '2025-03-29 02:43:05', '2025-03-29 02:43:05'),
	(96, 3, 108, '101178', 'Solos de Jardim e Meios de Cultivo', NULL, NULL, '2025-03-29 02:43:05', '2025-03-29 02:43:05'),
	(97, 3, 109, '101181', 'Vasos e Plantadores', NULL, NULL, '2025-03-29 02:43:05', '2025-03-29 02:43:05'),
	(98, 3, 110, '101205', 'Bacias, Baldes e Conchas de Água', NULL, NULL, '2025-03-29 02:43:05', '2025-03-29 02:43:05'),
	(99, 3, 111, '101201', 'Escovas de Limpeza', NULL, NULL, '2025-03-29 02:43:05', '2025-03-29 02:43:05'),
	(100, 3, 112, '101204', 'Esfregões', NULL, NULL, '2025-03-29 02:43:05', '2025-03-29 02:43:05'),
	(101, 3, 113, '101203', 'Espanadores', NULL, NULL, '2025-03-29 02:43:05', '2025-03-29 02:43:05'),
	(102, 3, 114, '101206', 'Esponjas e Esfregões', NULL, NULL, '2025-03-29 02:43:05', '2025-03-29 02:43:05'),
	(103, 3, 115, '101207', 'Lixos e Lixeiras', NULL, NULL, '2025-03-29 02:43:05', '2025-03-29 02:43:05'),
	(104, 3, 116, '101215', 'Outros Artigos de Cuidados', NULL, NULL, '2025-03-29 02:43:05', '2025-03-29 02:43:05'),
	(105, 3, 117, '101209', 'Panos de Prato e de Limpeza', NULL, NULL, '2025-03-29 02:43:05', '2025-03-29 02:43:05'),
	(106, 3, 118, '101212', 'Papel Higiênico', NULL, NULL, '2025-03-29 02:43:05', '2025-03-29 02:43:05'),
	(107, 3, 119, '101213', 'Produtos de Limpeza', NULL, NULL, '2025-03-29 02:43:05', '2025-03-29 02:43:05'),
	(108, 3, 120, '101208', 'Sacos Plásticos e Sacos de Lixo', NULL, NULL, '2025-03-29 02:43:05', '2025-03-29 02:43:05'),
	(109, 3, 121, '101211', 'Toalhas de Tecido e Papel', NULL, NULL, '2025-03-29 02:43:05', '2025-03-29 02:43:05'),
	(110, 3, 122, '101200', 'Varais, Estantes de Secagem e Pregadores', NULL, NULL, '2025-03-29 02:43:05', '2025-03-29 02:43:05'),
	(111, 3, 123, '101202', 'Vassouras', NULL, NULL, '2025-03-29 02:43:05', '2025-03-29 02:43:05'),
	(112, 3, 124, '101245', 'Canudos', NULL, NULL, '2025-03-29 02:43:05', '2025-03-29 02:43:05'),
	(113, 3, 125, '101240', 'Copos e Taças', NULL, NULL, '2025-03-29 02:43:05', '2025-03-29 02:43:05'),
	(114, 3, 126, '101241', 'Garrafas de Água e Acessórios', NULL, NULL, '2025-03-29 02:43:05', '2025-03-29 02:43:05'),
	(115, 3, 127, '101238', 'Jarras e Acessórios', NULL, NULL, '2025-03-29 02:43:05', '2025-03-29 02:43:05'),
	(116, 3, 128, '101247', 'Jogos Americanos e Descanso de Copos', NULL, NULL, '2025-03-29 02:43:05', '2025-03-29 02:43:05'),
	(117, 3, 129, '101248', 'Outras Louças', NULL, NULL, '2025-03-29 02:43:05', '2025-03-29 02:43:05'),
	(118, 3, 130, '101243', 'Pratos', NULL, NULL, '2025-03-29 02:43:05', '2025-03-29 02:43:05'),
	(119, 3, 131, '101246', 'Protetor para Alimentos', NULL, NULL, '2025-03-29 02:43:05', '2025-03-29 02:43:05'),
	(120, 3, 132, '101244', 'Talheres', NULL, NULL, '2025-03-29 02:43:05', '2025-03-29 02:43:05'),
	(121, 3, 133, '101242', 'Tigelas', NULL, NULL, '2025-03-29 02:43:05', '2025-03-29 02:43:05'),
	(122, 3, 134, '101239', 'Xícaras, Canecas e Jogos de Chá', NULL, NULL, '2025-03-29 02:43:05', '2025-03-29 02:43:05'),
	(123, 3, 135, '101166', 'Almofadas', NULL, NULL, '2025-03-29 02:43:05', '2025-03-29 02:43:05'),
	(124, 3, 136, '101173', 'Armários e Gabinetes', NULL, NULL, '2025-03-29 02:43:05', '2025-03-29 02:43:05'),
	(125, 3, 137, '101171', 'Bancos, Cadeiras e Banquetas', NULL, NULL, '2025-03-29 02:43:05', '2025-03-29 02:43:05'),
	(126, 3, 138, '101167', 'Batentes de Porta', NULL, NULL, '2025-03-29 02:43:05', '2025-03-29 02:43:05'),
	(127, 3, 139, '101169', 'Escrivaninhas e Mesas', NULL, NULL, '2025-03-29 02:43:05', '2025-03-29 02:43:05'),
	(128, 3, 140, '101168', 'Estruturas de Cama, Cabeceiras e Colchões', NULL, NULL, '2025-03-29 02:43:05', '2025-03-29 02:43:05'),
	(129, 3, 141, '101170', 'Guarda-Roupas', NULL, NULL, '2025-03-29 02:43:05', '2025-03-29 02:43:05'),
	(130, 3, 142, '101175', 'Outros Móveis', NULL, NULL, '2025-03-29 02:43:05', '2025-03-29 02:43:05'),
	(131, 3, 143, '101174', 'Prateleiras e Racks', NULL, NULL, '2025-03-29 02:43:05', '2025-03-29 02:43:05'),
	(132, 3, 144, '101172', 'Sofás', NULL, NULL, '2025-03-29 02:43:05', '2025-03-29 02:43:05'),
	(133, 3, 145, '101253', 'Cabides', NULL, NULL, '2025-03-29 02:43:05', '2025-03-29 02:43:05'),
	(134, 3, 146, '101255', 'Caixas de Sapatos e Sapateiras', NULL, NULL, '2025-03-29 02:43:05', '2025-03-29 02:43:05'),
	(135, 3, 147, '101254', 'Caixas, Bolsas e Cestas de Armazenamento', NULL, NULL, '2025-03-29 02:43:05', '2025-03-29 02:43:05'),
	(136, 3, 148, '101256', 'Ganchos', NULL, NULL, '2025-03-29 02:43:05', '2025-03-29 02:43:05'),
	(137, 3, 149, '101259', 'Organizadores de Guarda-Roupas', NULL, NULL, '2025-03-29 02:43:05', '2025-03-29 02:43:05'),
	(138, 3, 150, '101260', 'Organizadores de Joias', NULL, NULL, '2025-03-29 02:43:05', '2025-03-29 02:43:05'),
	(139, 3, 151, '101258', 'Organizadores de Mesa', NULL, NULL, '2025-03-29 02:43:05', '2025-03-29 02:43:05'),
	(140, 3, 152, '101262', 'Outros Organizadores', NULL, NULL, '2025-03-29 02:43:05', '2025-03-29 02:43:05'),
	(141, 3, 153, '101261', 'Porta-Papéis', NULL, NULL, '2025-03-29 02:43:05', '2025-03-29 02:43:05'),
	(142, 3, 154, '101257', 'Sacos e Cestos de Roupa', NULL, NULL, '2025-03-29 02:43:05', '2025-03-29 02:43:05'),
	(143, 3, 155, '101146', 'Cobertores, Edredons e Colchas', NULL, NULL, '2025-03-29 02:43:05', '2025-03-29 02:43:05'),
	(144, 3, 156, '101144', 'Esteiras de Resfriamento', NULL, NULL, '2025-03-29 02:43:05', '2025-03-29 02:43:05'),
	(145, 3, 157, '101148', 'Lençóis e Fronhas de Travesseiros', NULL, NULL, '2025-03-29 02:43:05', '2025-03-29 02:43:05'),
	(146, 3, 158, '101152', 'Outros Roupas de Cama', NULL, NULL, '2025-03-29 02:43:05', '2025-03-29 02:43:05'),
	(147, 3, 159, '101145', 'Protetores e Coberturas para Colchões', NULL, NULL, '2025-03-29 02:43:05', '2025-03-29 02:43:05'),
	(148, 3, 160, '101150', 'Redes Mosquiteiras', NULL, NULL, '2025-03-29 02:43:05', '2025-03-29 02:43:05'),
	(149, 3, 161, '101147', 'Travesseiros', NULL, NULL, '2025-03-29 02:43:05', '2025-03-29 02:43:05');

-- Copiando estrutura para tabela decorishouse.invoices
CREATE TABLE IF NOT EXISTS `invoices` (
  `id` bigint(20) unsigned NOT NULL AUTO_INCREMENT,
  `user_id` bigint(20) unsigned NOT NULL,
  `integration_id` bigint(20) unsigned NOT NULL,
  `method_type` varchar(255) COLLATE utf8mb4_unicode_ci DEFAULT NULL,
  `total` decimal(10,2) NOT NULL,
  `status` bigint(20) unsigned NOT NULL,
  `due_at` date NOT NULL,
  `paid_at` datetime DEFAULT NULL,
  `created_at` timestamp NULL DEFAULT NULL,
  `updated_at` timestamp NULL DEFAULT NULL,
  PRIMARY KEY (`id`),
  KEY `invoices_user_id_foreign` (`user_id`),
  KEY `invoices_integration_id_foreign` (`integration_id`),
  KEY `invoices_status_foreign` (`status`),
  CONSTRAINT `invoices_integration_id_foreign` FOREIGN KEY (`integration_id`) REFERENCES `integrations` (`id`) ON DELETE CASCADE,
  CONSTRAINT `invoices_status_foreign` FOREIGN KEY (`status`) REFERENCES `statuses` (`id`) ON DELETE CASCADE,
  CONSTRAINT `invoices_user_id_foreign` FOREIGN KEY (`user_id`) REFERENCES `users` (`id`) ON DELETE CASCADE
) ENGINE=InnoDB DEFAULT CHARSET=utf8mb4 COLLATE=utf8mb4_unicode_ci;

-- Copiando dados para a tabela decorishouse.invoices: ~0 rows (aproximadamente)

-- Copiando estrutura para tabela decorishouse.invoice_items
CREATE TABLE IF NOT EXISTS `invoice_items` (
  `id` bigint(20) unsigned NOT NULL AUTO_INCREMENT,
  `invoice_id` bigint(20) unsigned NOT NULL,
  `target_type` varchar(255) COLLATE utf8mb4_unicode_ci DEFAULT NULL,
  `target_id` bigint(20) DEFAULT NULL,
  `description` longtext COLLATE utf8mb4_unicode_ci NOT NULL,
  `quantity` int(11) NOT NULL DEFAULT '1',
  `price_unit` decimal(10,2) NOT NULL,
  `price_total` decimal(10,2) NOT NULL,
  `created_at` timestamp NULL DEFAULT NULL,
  `updated_at` timestamp NULL DEFAULT NULL,
  PRIMARY KEY (`id`),
  KEY `invoice_items_invoice_id_foreign` (`invoice_id`),
  CONSTRAINT `invoice_items_invoice_id_foreign` FOREIGN KEY (`invoice_id`) REFERENCES `invoices` (`id`) ON DELETE CASCADE
) ENGINE=InnoDB DEFAULT CHARSET=utf8mb4 COLLATE=utf8mb4_unicode_ci;

-- Copiando dados para a tabela decorishouse.invoice_items: ~0 rows (aproximadamente)

-- Copiando estrutura para tabela decorishouse.jobs
CREATE TABLE IF NOT EXISTS `jobs` (
  `id` bigint(20) unsigned NOT NULL AUTO_INCREMENT,
  `queue` varchar(255) COLLATE utf8mb4_unicode_ci NOT NULL,
  `payload` longtext COLLATE utf8mb4_unicode_ci NOT NULL,
  `attempts` tinyint(3) unsigned NOT NULL,
  `reserved_at` int(10) unsigned DEFAULT NULL,
  `available_at` int(10) unsigned NOT NULL,
  `created_at` int(10) unsigned NOT NULL,
  PRIMARY KEY (`id`),
  KEY `jobs_queue_index` (`queue`)
) ENGINE=InnoDB AUTO_INCREMENT=89 DEFAULT CHARSET=utf8mb4 COLLATE=utf8mb4_unicode_ci;

-- Copiando dados para a tabela decorishouse.jobs: ~0 rows (aproximadamente)

-- Copiando estrutura para tabela decorishouse.migrations
CREATE TABLE IF NOT EXISTS `migrations` (
  `id` int(10) unsigned NOT NULL AUTO_INCREMENT,
  `migration` varchar(255) COLLATE utf8mb4_unicode_ci NOT NULL,
  `batch` int(11) NOT NULL,
  PRIMARY KEY (`id`)
) ENGINE=InnoDB AUTO_INCREMENT=29 DEFAULT CHARSET=utf8mb4 COLLATE=utf8mb4_unicode_ci;

-- Copiando dados para a tabela decorishouse.migrations: ~28 rows (aproximadamente)
INSERT INTO `migrations` (`id`, `migration`, `batch`) VALUES
	(1, '2014_10_12_100000_create_password_reset_tokens_table', 1),
	(2, '2019_08_18_000000_create_jobs_table', 1),
	(3, '2019_08_19_000000_create_failed_jobs_table', 1),
	(4, '2019_12_14_000001_create_personal_access_tokens_table', 1),
	(5, '2024_06_30_150000_create_settings_table', 1),
	(6, '2024_06_30_160000_create_statuses_table', 1),
	(7, '2025_01_13_110358_create_user_groups_table', 1),
	(8, '2025_01_13_113535_create_users_table', 1),
	(9, '2025_01_13_122721_create_pages_table', 1),
	(10, '2025_01_13_152721_create_services_table', 1),
	(11, '2025_01_15_111320_create_portfolios_table', 1),
	(12, '2025_01_15_131738_create_portfolio_images_table', 1),
	(13, '2025_01_15_215454_create_integrations_table', 1),
	(14, '2025_01_18_193013_create_testimonials_table', 1),
	(15, '2025_01_23_115209_create_sliders_table', 1),
	(16, '2025_01_25_111143_create_permissions_table', 1),
	(17, '2025_02_01_124043_create_invoices_table', 1),
	(18, '2025_02_01_125043_create_invoice_items_table', 1),
	(19, '2025_02_03_183350_create_webhooks', 1),
	(20, '2025_02_05_201747_create_transactions_table', 1),
	(21, '2025_03_06_195152_create_categories_table', 1),
	(22, '2025_03_06_212536_create_products_table', 1),
	(23, '2025_03_06_212657_create_category_product_table', 1),
	(24, '2025_03_06_215246_create_product_affiliate_links_table', 2),
	(25, '2025_03_21_154936_create_product_image_generates_table', 3),
	(26, '2025_03_28_142404_create_integration_categories_table', 4),
	(27, '2025_03_28_151904_create_category_mappings_table', 4),
	(28, '2025_03_29_092221_create_product_list_jobs_table', 5);

-- Copiando estrutura para tabela decorishouse.pages
CREATE TABLE IF NOT EXISTS `pages` (
  `id` bigint(20) unsigned NOT NULL AUTO_INCREMENT,
  `title` varchar(255) COLLATE utf8mb4_unicode_ci NOT NULL,
  `slug` varchar(255) COLLATE utf8mb4_unicode_ci NOT NULL,
  `keywords` varchar(255) COLLATE utf8mb4_unicode_ci DEFAULT NULL,
  `content` longtext COLLATE utf8mb4_unicode_ci NOT NULL,
  `status` bigint(20) unsigned NOT NULL,
  `created_at` timestamp NULL DEFAULT NULL,
  `updated_at` timestamp NULL DEFAULT NULL,
  PRIMARY KEY (`id`),
  UNIQUE KEY `pages_title_unique` (`title`),
  UNIQUE KEY `pages_slug_unique` (`slug`),
  KEY `pages_slug_index` (`slug`),
  KEY `pages_status_foreign` (`status`),
  CONSTRAINT `pages_status_foreign` FOREIGN KEY (`status`) REFERENCES `statuses` (`id`) ON DELETE CASCADE
) ENGINE=InnoDB AUTO_INCREMENT=11 DEFAULT CHARSET=utf8mb4 COLLATE=utf8mb4_unicode_ci;

-- Copiando dados para a tabela decorishouse.pages: ~0 rows (aproximadamente)

-- Copiando estrutura para tabela decorishouse.password_reset_tokens
CREATE TABLE IF NOT EXISTS `password_reset_tokens` (
  `email` varchar(255) COLLATE utf8mb4_unicode_ci NOT NULL,
  `token` varchar(255) COLLATE utf8mb4_unicode_ci NOT NULL,
  `created_at` timestamp NULL DEFAULT NULL,
  PRIMARY KEY (`email`)
) ENGINE=InnoDB DEFAULT CHARSET=utf8mb4 COLLATE=utf8mb4_unicode_ci;

-- Copiando dados para a tabela decorishouse.password_reset_tokens: ~0 rows (aproximadamente)

-- Copiando estrutura para tabela decorishouse.permissions
CREATE TABLE IF NOT EXISTS `permissions` (
  `id` bigint(20) unsigned NOT NULL AUTO_INCREMENT,
  `title` varchar(255) COLLATE utf8mb4_unicode_ci NOT NULL,
  `key` varchar(255) COLLATE utf8mb4_unicode_ci NOT NULL,
  `type` varchar(255) COLLATE utf8mb4_unicode_ci NOT NULL DEFAULT 'general',
  `created_at` timestamp NULL DEFAULT NULL,
  `updated_at` timestamp NULL DEFAULT NULL,
  PRIMARY KEY (`id`),
  UNIQUE KEY `permissions_title_unique` (`title`),
  UNIQUE KEY `permissions_key_unique` (`key`),
  KEY `permissions_key_index` (`key`)
) ENGINE=InnoDB AUTO_INCREMENT=124 DEFAULT CHARSET=utf8mb4 COLLATE=utf8mb4_unicode_ci;

-- Copiando dados para a tabela decorishouse.permissions: ~123 rows (aproximadamente)
INSERT INTO `permissions` (`id`, `title`, `key`, `type`, `created_at`, `updated_at`) VALUES
	(1, 'Acessar painel administrativo', 'admin.index', 'general', '2025-03-07 00:38:46', '2025-03-07 00:38:46'),
	(2, 'Visualizar configurações', 'admin.settings', 'general', '2025-03-07 00:38:46', '2025-03-07 00:38:46'),
	(3, 'Atualizar configurações', 'admin.settings.update', 'general', '2025-03-07 00:38:46', '2025-03-07 00:38:46'),
	(4, 'Atualizar imagens de configurações', 'admin.settings.updateImages', 'general', '2025-03-07 00:38:46', '2025-03-07 00:38:46'),
	(5, 'Acessar comandante', 'admin.commander', 'developer', '2025-03-07 00:38:46', '2025-03-07 00:38:46'),
	(6, 'Criar comando', 'admin.commander.create', 'developer', '2025-03-07 00:38:46', '2025-03-07 00:38:46'),
	(7, 'Executar migração', 'admin.commander.migrate', 'developer', '2025-03-07 00:38:46', '2025-03-07 00:38:46'),
	(8, 'Visualizar status', 'admin.statuses.index', 'statuses', '2025-03-07 00:38:46', '2025-03-07 00:38:46'),
	(9, 'Carregar status', 'admin.statuses.load', 'statuses', '2025-03-07 00:38:46', '2025-03-07 00:38:46'),
	(10, 'Criar status', 'admin.statuses.create', 'statuses', '2025-03-07 00:38:46', '2025-03-07 00:38:46'),
	(11, 'Salvar status', 'admin.statuses.store', 'statuses', '2025-03-07 00:38:46', '2025-03-07 00:38:46'),
	(12, 'Editar status', 'admin.statuses.edit', 'statuses', '2025-03-07 00:38:46', '2025-03-07 00:38:46'),
	(13, 'Atualizar status', 'admin.statuses.update', 'statuses', '2025-03-07 00:38:46', '2025-03-07 00:38:46'),
	(14, 'Excluir status', 'admin.statuses.delete', 'statuses', '2025-03-07 00:38:46', '2025-03-07 00:38:46'),
	(15, 'Visualizar grupos de usuários', 'admin.user_groups.index', 'user_groups', '2025-03-07 00:38:46', '2025-03-07 00:38:46'),
	(16, 'Carregar grupos de usuários', 'admin.user_groups.load', 'user_groups', '2025-03-07 00:38:46', '2025-03-07 00:38:46'),
	(17, 'Criar grupo de usuários', 'admin.user_groups.create', 'user_groups', '2025-03-07 00:38:46', '2025-03-07 00:38:46'),
	(18, 'Salvar grupo de usuários', 'admin.user_groups.store', 'user_groups', '2025-03-07 00:38:46', '2025-03-07 00:38:46'),
	(19, 'Editar grupo de usuários', 'admin.user_groups.edit', 'user_groups', '2025-03-07 00:38:46', '2025-03-07 00:38:46'),
	(20, 'Atualizar grupo de usuários', 'admin.user_groups.update', 'user_groups', '2025-03-07 00:38:46', '2025-03-07 00:38:46'),
	(21, 'Excluir grupo de usuários', 'admin.user_groups.delete', 'user_groups', '2025-03-07 00:38:46', '2025-03-07 00:38:46'),
	(22, 'Visualizar permissões', 'admin.permissions.index', 'permissions', '2025-03-07 00:38:46', '2025-03-07 00:38:46'),
	(23, 'Carregar permissões', 'admin.permissions.load', 'permissions', '2025-03-07 00:38:46', '2025-03-07 00:38:46'),
	(24, 'Criar permissão', 'admin.permissions.create', 'permissions', '2025-03-07 00:38:46', '2025-03-07 00:38:46'),
	(25, 'Salvar permissão', 'admin.permissions.store', 'permissions', '2025-03-07 00:38:46', '2025-03-07 00:38:46'),
	(26, 'Editar permissão', 'admin.permissions.edit', 'permissions', '2025-03-07 00:38:46', '2025-03-07 00:38:46'),
	(27, 'Atualizar permissão', 'admin.permissions.update', 'permissions', '2025-03-07 00:38:46', '2025-03-07 00:38:46'),
	(28, 'Excluir permissão', 'admin.permissions.delete', 'permissions', '2025-03-07 00:38:46', '2025-03-07 00:38:46'),
	(29, 'Visualizar usuários', 'admin.users.index', 'users', '2025-03-07 00:38:46', '2025-03-07 00:38:46'),
	(30, 'Carregar usuários', 'admin.users.load', 'users', '2025-03-07 00:38:46', '2025-03-07 00:38:46'),
	(31, 'Criar usuário', 'admin.users.create', 'users', '2025-03-07 00:38:46', '2025-03-07 00:38:46'),
	(32, 'Salvar usuário', 'admin.users.store', 'users', '2025-03-07 00:38:46', '2025-03-07 00:38:46'),
	(33, 'Editar usuário', 'admin.users.edit', 'users', '2025-03-07 00:38:46', '2025-03-07 00:38:46'),
	(34, 'Atualizar usuário', 'admin.users.update', 'users', '2025-03-07 00:38:46', '2025-03-07 00:38:46'),
	(35, 'Excluir usuário', 'admin.users.delete', 'users', '2025-03-07 00:38:46', '2025-03-07 00:38:46'),
	(36, 'Visualizar clientes', 'admin.customers.index', 'customers', '2025-03-07 00:38:46', '2025-03-07 00:38:46'),
	(37, 'Carregar clientes', 'admin.customers.load', 'customers', '2025-03-07 00:38:46', '2025-03-07 00:38:46'),
	(38, 'Criar cliente', 'admin.customers.create', 'customers', '2025-03-07 00:38:46', '2025-03-07 00:38:46'),
	(39, 'Salvar cliente', 'admin.customers.store', 'customers', '2025-03-07 00:38:46', '2025-03-07 00:38:46'),
	(40, 'Detalhes cliente', 'admin.customers.show', 'customers', '2025-03-07 00:38:46', '2025-03-07 00:38:46'),
	(41, 'Editar cliente', 'admin.customers.edit', 'customers', '2025-03-07 00:38:46', '2025-03-07 00:38:46'),
	(42, 'Atualizar cliente', 'admin.customers.update', 'customers', '2025-03-07 00:38:46', '2025-03-07 00:38:46'),
	(43, 'Excluir cliente', 'admin.customers.delete', 'customers', '2025-03-07 00:38:46', '2025-03-07 00:38:46'),
	(44, 'Visualizar páginas', 'admin.pages.index', 'pages', '2025-03-07 00:38:46', '2025-03-07 00:38:46'),
	(45, 'Carregar páginas', 'admin.pages.load', 'pages', '2025-03-07 00:38:46', '2025-03-07 00:38:46'),
	(46, 'Criar página', 'admin.pages.create', 'pages', '2025-03-07 00:38:46', '2025-03-07 00:38:46'),
	(47, 'Salvar página', 'admin.pages.store', 'pages', '2025-03-07 00:38:46', '2025-03-07 00:38:46'),
	(48, 'Editar página', 'admin.pages.edit', 'pages', '2025-03-07 00:38:46', '2025-03-07 00:38:46'),
	(49, 'Atualizar página', 'admin.pages.update', 'pages', '2025-03-07 00:38:46', '2025-03-07 00:38:46'),
	(50, 'Excluir página', 'admin.pages.delete', 'pages', '2025-03-07 00:38:46', '2025-03-07 00:38:46'),
	(51, 'Visualizar serviços', 'admin.services.index', 'services', '2025-03-07 00:38:46', '2025-03-07 00:38:46'),
	(52, 'Carregar serviços', 'admin.services.load', 'services', '2025-03-07 00:38:46', '2025-03-07 00:38:46'),
	(53, 'Criar serviço', 'admin.services.create', 'services', '2025-03-07 00:38:46', '2025-03-07 00:38:46'),
	(54, 'Salvar serviço', 'admin.services.store', 'services', '2025-03-07 00:38:46', '2025-03-07 00:38:46'),
	(55, 'Editar serviço', 'admin.services.edit', 'services', '2025-03-07 00:38:46', '2025-03-07 00:38:46'),
	(56, 'Atualizar serviço', 'admin.services.update', 'services', '2025-03-07 00:38:46', '2025-03-07 00:38:46'),
	(57, 'Excluir serviço', 'admin.services.delete', 'services', '2025-03-07 00:38:46', '2025-03-07 00:38:46'),
	(58, 'Visualizar portfólios', 'admin.portfolios.index', 'portfolios', '2025-03-07 00:38:46', '2025-03-07 00:38:46'),
	(59, 'Carregar portfólios', 'admin.portfolios.load', 'portfolios', '2025-03-07 00:38:46', '2025-03-07 00:38:46'),
	(60, 'Criar portfólio', 'admin.portfolios.create', 'portfolios', '2025-03-07 00:38:46', '2025-03-07 00:38:46'),
	(61, 'Salvar portfólio', 'admin.portfolios.store', 'portfolios', '2025-03-07 00:38:46', '2025-03-07 00:38:46'),
	(62, 'Editar portfólio', 'admin.portfolios.edit', 'portfolios', '2025-03-07 00:38:46', '2025-03-07 00:38:46'),
	(63, 'Atualizar portfólio', 'admin.portfolios.update', 'portfolios', '2025-03-07 00:38:46', '2025-03-07 00:38:46'),
	(64, 'Excluir portfólio', 'admin.portfolios.delete', 'portfolios', '2025-03-07 00:38:46', '2025-03-07 00:38:46'),
	(65, 'Excluir imagem do portfólio', 'admin.portfolios.delete.image', 'portfolios', '2025-03-07 00:38:46', '2025-03-07 00:38:46'),
	(66, 'Definir imagem do portfólio', 'admin.portfolios.define.image', 'portfolios', '2025-03-07 00:38:46', '2025-03-07 00:38:46'),
	(67, 'Visualizar integrações', 'admin.integrations.index', 'integrations', '2025-03-07 00:38:46', '2025-03-07 00:38:46'),
	(68, 'Carregar integrações', 'admin.integrations.load', 'integrations', '2025-03-07 00:38:46', '2025-03-07 00:38:46'),
	(69, 'Criar integração', 'admin.integrations.create', 'integrations', '2025-03-07 00:38:46', '2025-03-07 00:38:46'),
	(70, 'Salvar integração', 'admin.integrations.store', 'integrations', '2025-03-07 00:38:46', '2025-03-07 00:38:46'),
	(71, 'Editar integração', 'admin.integrations.edit', 'integrations', '2025-03-07 00:38:46', '2025-03-07 00:38:46'),
	(72, 'Atualizar integração', 'admin.integrations.update', 'integrations', '2025-03-07 00:38:46', '2025-03-07 00:38:46'),
	(73, 'Excluir integração', 'admin.integrations.delete', 'integrations', '2025-03-07 00:38:46', '2025-03-07 00:38:46'),
	(74, 'Visualizar depoimentos', 'admin.testimonials.index', 'testimonials', '2025-03-07 00:38:46', '2025-03-07 00:38:46'),
	(75, 'Carregar depoimentos', 'admin.testimonials.load', 'testimonials', '2025-03-07 00:38:46', '2025-03-07 00:38:46'),
	(76, 'Criar depoimento', 'admin.testimonials.create', 'testimonials', '2025-03-07 00:38:46', '2025-03-07 00:38:46'),
	(77, 'Salvar depoimento', 'admin.testimonials.store', 'testimonials', '2025-03-07 00:38:46', '2025-03-07 00:38:46'),
	(78, 'Editar depoimento', 'admin.testimonials.edit', 'testimonials', '2025-03-07 00:38:46', '2025-03-07 00:38:46'),
	(79, 'Atualizar depoimento', 'admin.testimonials.update', 'testimonials', '2025-03-07 00:38:46', '2025-03-07 00:38:46'),
	(80, 'Excluir depoimento', 'admin.testimonials.delete', 'testimonials', '2025-03-07 00:38:46', '2025-03-07 00:38:46'),
	(81, 'Visualizar sliders', 'admin.sliders.index', 'sliders', '2025-03-07 00:38:46', '2025-03-07 00:38:46'),
	(82, 'Carregar sliders', 'admin.sliders.load', 'sliders', '2025-03-07 00:38:46', '2025-03-07 00:38:46'),
	(83, 'Criar slider', 'admin.sliders.create', 'sliders', '2025-03-07 00:38:46', '2025-03-07 00:38:46'),
	(84, 'Salvar slider', 'admin.sliders.store', 'sliders', '2025-03-07 00:38:46', '2025-03-07 00:38:46'),
	(85, 'Editar slider', 'admin.sliders.edit', 'sliders', '2025-03-07 00:38:46', '2025-03-07 00:38:46'),
	(86, 'Atualizar slider', 'admin.sliders.update', 'sliders', '2025-03-07 00:38:46', '2025-03-07 00:38:46'),
	(87, 'Excluir slider', 'admin.sliders.delete', 'sliders', '2025-03-07 00:38:46', '2025-03-07 00:38:46'),
	(88, 'Visualizar invoices', 'admin.invoices.index', 'invoices', '2025-03-07 00:38:46', '2025-03-07 00:38:46'),
	(89, 'Carregar invoices', 'admin.invoices.load', 'invoices', '2025-03-07 00:38:46', '2025-03-07 00:38:46'),
	(90, 'Criar invoice', 'admin.invoices.create', 'invoices', '2025-03-07 00:38:46', '2025-03-07 00:38:46'),
	(91, 'Salvar invoice', 'admin.invoices.store', 'invoices', '2025-03-07 00:38:46', '2025-03-07 00:38:46'),
	(92, 'Editar invoice', 'admin.invoices.edit', 'invoices', '2025-03-07 00:38:46', '2025-03-07 00:38:46'),
	(93, 'Abrir invoice', 'admin.invoices.show', 'invoices', '2025-03-07 00:38:46', '2025-03-07 00:38:46'),
	(94, 'Atualizar invoice', 'admin.invoices.update', 'invoices', '2025-03-07 00:38:46', '2025-03-07 00:38:46'),
	(95, 'Excluir invoice', 'admin.invoices.delete', 'invoices', '2025-03-07 00:38:46', '2025-03-07 00:38:46'),
	(96, 'Cancelar invoice', 'admin.invoices.cancel', 'invoices', '2025-03-07 00:38:46', '2025-03-07 00:38:46'),
	(97, 'Confirmar pagamento invoice', 'admin.invoices.confirmPayment', 'invoices', '2025-03-07 00:38:46', '2025-03-07 00:38:46'),
	(98, 'Enviar lembrete invoice', 'admin.invoices.sendReminder', 'invoices', '2025-03-07 00:38:46', '2025-03-07 00:38:46'),
	(99, 'Gerar novo pagamento invoice', 'admin.invoices.generatePayment', 'invoices', '2025-03-07 00:38:46', '2025-03-07 00:38:46'),
	(100, 'Carregar parcelas', 'admin.invoices.loadInstallments', 'invoices', '2025-03-07 00:38:46', '2025-03-07 00:38:46'),
	(101, 'Visualizar transactions', 'admin.transactions.index', 'transactions', '2025-03-07 00:38:46', '2025-03-07 00:38:46'),
	(102, 'Carregar transactions', 'admin.transactions.load', 'transactions', '2025-03-07 00:38:46', '2025-03-07 00:38:46'),
	(103, 'Criar transaction', 'admin.transactions.create', 'transactions', '2025-03-07 00:38:46', '2025-03-07 00:38:46'),
	(104, 'Salvar transaction', 'admin.transactions.store', 'transactions', '2025-03-07 00:38:46', '2025-03-07 00:38:46'),
	(105, 'Editar transaction', 'admin.transactions.edit', 'transactions', '2025-03-07 00:38:46', '2025-03-07 00:38:46'),
	(106, 'Atualizar transaction', 'admin.transactions.update', 'transactions', '2025-03-07 00:38:46', '2025-03-07 00:38:46'),
	(107, 'Excluir transaction', 'admin.transactions.delete', 'transactions', '2025-03-07 00:38:46', '2025-03-07 00:38:46'),
	(108, 'Visualizar categories', 'admin.categories.index', 'categories', '2025-03-07 00:38:46', '2025-03-07 00:38:46'),
	(109, 'Carregar categories', 'admin.categories.load', 'categories', '2025-03-07 00:38:46', '2025-03-07 00:38:46'),
	(110, 'Criar category', 'admin.categories.create', 'categories', '2025-03-07 00:38:46', '2025-03-07 00:38:46'),
	(111, 'Salvar category', 'admin.categories.store', 'categories', '2025-03-07 00:38:46', '2025-03-07 00:38:46'),
	(112, 'Editar category', 'admin.categories.edit', 'categories', '2025-03-07 00:38:46', '2025-03-07 00:38:46'),
	(113, 'Atualizar category', 'admin.categories.update', 'categories', '2025-03-07 00:38:46', '2025-03-07 00:38:46'),
	(114, 'Excluir category', 'admin.categories.delete', 'categories', '2025-03-07 00:38:46', '2025-03-07 00:38:46'),
	(115, 'Visualizar products', 'admin.products.index', 'products', '2025-03-07 00:38:46', '2025-03-07 00:38:46'),
	(116, 'Carregar products', 'admin.products.load', 'products', '2025-03-07 00:38:46', '2025-03-07 00:38:46'),
	(117, 'Criar product', 'admin.products.create', 'products', '2025-03-07 00:38:46', '2025-03-07 00:38:46'),
	(118, 'Salvar product', 'admin.products.store', 'products', '2025-03-07 00:38:46', '2025-03-07 00:38:46'),
	(119, 'Editar product', 'admin.products.edit', 'products', '2025-03-07 00:38:46', '2025-03-07 00:38:46'),
	(120, 'Atualizar product', 'admin.products.update', 'products', '2025-03-07 00:38:46', '2025-03-07 00:38:46'),
	(121, 'Excluir product', 'admin.products.delete', 'products', '2025-03-07 00:38:46', '2025-03-07 00:38:46'),
	(122, 'Gerar imagem product', 'admin.products.generateImage', 'products', '2025-03-21 19:05:48', '2025-03-21 19:05:49'),
	(123, 'Atualizar imagens products', 'admin.products.checkImages', 'products', '2025-03-21 20:14:59', '2025-03-21 20:14:59');

-- Copiando estrutura para tabela decorishouse.personal_access_tokens
CREATE TABLE IF NOT EXISTS `personal_access_tokens` (
  `id` bigint(20) unsigned NOT NULL AUTO_INCREMENT,
  `tokenable_type` varchar(255) COLLATE utf8mb4_unicode_ci NOT NULL,
  `tokenable_id` bigint(20) unsigned NOT NULL,
  `name` varchar(255) COLLATE utf8mb4_unicode_ci NOT NULL,
  `token` varchar(64) COLLATE utf8mb4_unicode_ci NOT NULL,
  `abilities` text COLLATE utf8mb4_unicode_ci,
  `last_used_at` timestamp NULL DEFAULT NULL,
  `expires_at` timestamp NULL DEFAULT NULL,
  `created_at` timestamp NULL DEFAULT NULL,
  `updated_at` timestamp NULL DEFAULT NULL,
  PRIMARY KEY (`id`),
  UNIQUE KEY `personal_access_tokens_token_unique` (`token`),
  KEY `personal_access_tokens_tokenable_type_tokenable_id_index` (`tokenable_type`,`tokenable_id`)
) ENGINE=InnoDB DEFAULT CHARSET=utf8mb4 COLLATE=utf8mb4_unicode_ci;

-- Copiando dados para a tabela decorishouse.personal_access_tokens: ~0 rows (aproximadamente)

-- Copiando estrutura para tabela decorishouse.portfolios
CREATE TABLE IF NOT EXISTS `portfolios` (
  `id` bigint(20) unsigned NOT NULL AUTO_INCREMENT,
  `title` varchar(255) COLLATE utf8mb4_unicode_ci NOT NULL,
  `slug` varchar(255) COLLATE utf8mb4_unicode_ci NOT NULL,
  `description` longtext COLLATE utf8mb4_unicode_ci,
  `status` bigint(20) unsigned NOT NULL,
  `sort_order` int(11) NOT NULL DEFAULT '0',
  `created_at` timestamp NULL DEFAULT NULL,
  `updated_at` timestamp NULL DEFAULT NULL,
  PRIMARY KEY (`id`),
  UNIQUE KEY `portfolios_title_unique` (`title`),
  UNIQUE KEY `portfolios_slug_unique` (`slug`),
  KEY `portfolios_slug_index` (`slug`),
  KEY `portfolios_status_foreign` (`status`),
  CONSTRAINT `portfolios_status_foreign` FOREIGN KEY (`status`) REFERENCES `statuses` (`id`) ON DELETE CASCADE
) ENGINE=InnoDB DEFAULT CHARSET=utf8mb4 COLLATE=utf8mb4_unicode_ci;

-- Copiando dados para a tabela decorishouse.portfolios: ~0 rows (aproximadamente)

-- Copiando estrutura para tabela decorishouse.portfolio_images
CREATE TABLE IF NOT EXISTS `portfolio_images` (
  `id` bigint(20) unsigned NOT NULL AUTO_INCREMENT,
  `portfolio_id` bigint(20) unsigned NOT NULL,
  `image_path` varchar(255) COLLATE utf8mb4_unicode_ci NOT NULL,
  `featured` int(11) NOT NULL DEFAULT '0',
  `created_at` timestamp NULL DEFAULT NULL,
  `updated_at` timestamp NULL DEFAULT NULL,
  PRIMARY KEY (`id`),
  KEY `portfolio_images_portfolio_id_foreign` (`portfolio_id`),
  CONSTRAINT `portfolio_images_portfolio_id_foreign` FOREIGN KEY (`portfolio_id`) REFERENCES `portfolios` (`id`) ON DELETE CASCADE
) ENGINE=InnoDB DEFAULT CHARSET=utf8mb4 COLLATE=utf8mb4_unicode_ci;

-- Copiando dados para a tabela decorishouse.portfolio_images: ~0 rows (aproximadamente)

-- Copiando estrutura para tabela decorishouse.products
CREATE TABLE IF NOT EXISTS `products` (
  `id` bigint(20) unsigned NOT NULL AUTO_INCREMENT,
  `name` varchar(255) COLLATE utf8mb4_unicode_ci NOT NULL,
  `slug` varchar(255) COLLATE utf8mb4_unicode_ci NOT NULL,
  `description` text COLLATE utf8mb4_unicode_ci,
  `images` longtext CHARACTER SET utf8mb4 COLLATE utf8mb4_bin NOT NULL,
  `price` decimal(10,2) NOT NULL,
  `price_promotion` decimal(10,2) DEFAULT NULL,
  `status` bigint(20) unsigned NOT NULL,
  `created_at` timestamp NULL DEFAULT NULL,
  `updated_at` timestamp NULL DEFAULT NULL,
  PRIMARY KEY (`id`),
  UNIQUE KEY `products_name_unique` (`name`),
  UNIQUE KEY `products_slug_unique` (`slug`),
  KEY `products_slug_index` (`slug`),
  KEY `products_status_foreign` (`status`),
  CONSTRAINT `products_status_foreign` FOREIGN KEY (`status`) REFERENCES `statuses` (`id`) ON DELETE CASCADE
) ENGINE=InnoDB AUTO_INCREMENT=10 DEFAULT CHARSET=utf8mb4 COLLATE=utf8mb4_unicode_ci;

-- Copiando dados para a tabela decorishouse.products: ~0 rows (aproximadamente)

-- Copiando estrutura para tabela decorishouse.product_affiliate_links
CREATE TABLE IF NOT EXISTS `product_affiliate_links` (
  `id` bigint(20) unsigned NOT NULL AUTO_INCREMENT,
  `product_id` bigint(20) unsigned NOT NULL,
  `integration_id` bigint(20) unsigned NOT NULL,
  `affiliate_link` varchar(255) COLLATE utf8mb4_unicode_ci NOT NULL,
  `clicks` int(11) NOT NULL DEFAULT '0',
  `api_id` varchar(255) COLLATE utf8mb4_unicode_ci DEFAULT NULL,
  `created_at` timestamp NULL DEFAULT NULL,
  `updated_at` timestamp NULL DEFAULT NULL,
  PRIMARY KEY (`id`),
  KEY `product_affiliate_links_product_id_foreign` (`product_id`),
  KEY `product_affiliate_links_integration_id_foreign` (`integration_id`),
  CONSTRAINT `product_affiliate_links_integration_id_foreign` FOREIGN KEY (`integration_id`) REFERENCES `integrations` (`id`) ON DELETE CASCADE,
  CONSTRAINT `product_affiliate_links_product_id_foreign` FOREIGN KEY (`product_id`) REFERENCES `products` (`id`) ON DELETE CASCADE
) ENGINE=InnoDB AUTO_INCREMENT=10 DEFAULT CHARSET=utf8mb4 COLLATE=utf8mb4_unicode_ci;

-- Copiando dados para a tabela decorishouse.product_affiliate_links: ~0 rows (aproximadamente)

-- Copiando estrutura para tabela decorishouse.product_image_generates
CREATE TABLE IF NOT EXISTS `product_image_generates` (
  `id` bigint(20) unsigned NOT NULL AUTO_INCREMENT,
  `product_id` bigint(20) unsigned NOT NULL,
  `created_at` timestamp NULL DEFAULT NULL,
  `updated_at` timestamp NULL DEFAULT NULL,
  PRIMARY KEY (`id`),
  KEY `product_image_generates_product_id_foreign` (`product_id`),
  CONSTRAINT `product_image_generates_product_id_foreign` FOREIGN KEY (`product_id`) REFERENCES `products` (`id`) ON DELETE CASCADE
) ENGINE=InnoDB AUTO_INCREMENT=15 DEFAULT CHARSET=utf8mb4 COLLATE=utf8mb4_unicode_ci;

-- Copiando dados para a tabela decorishouse.product_image_generates: ~0 rows (aproximadamente)

-- Copiando estrutura para tabela decorishouse.product_list_jobs
CREATE TABLE IF NOT EXISTS `product_list_jobs` (
  `id` bigint(20) unsigned NOT NULL AUTO_INCREMENT,
  `product_data` json NOT NULL,
  `status` enum('pendente','processando','concluído','erro') COLLATE utf8mb4_unicode_ci NOT NULL DEFAULT 'pendente',
  `scheduled_at` timestamp NULL DEFAULT NULL,
  `created_at` timestamp NULL DEFAULT NULL,
  `updated_at` timestamp NULL DEFAULT NULL,
  PRIMARY KEY (`id`)
) ENGINE=InnoDB AUTO_INCREMENT=3 DEFAULT CHARSET=utf8mb4 COLLATE=utf8mb4_unicode_ci;

-- Copiando dados para a tabela decorishouse.product_list_jobs: ~0 rows (aproximadamente)

-- Copiando estrutura para tabela decorishouse.services
CREATE TABLE IF NOT EXISTS `services` (
  `id` bigint(20) unsigned NOT NULL AUTO_INCREMENT,
  `title` varchar(255) COLLATE utf8mb4_unicode_ci NOT NULL,
  `slug` varchar(255) COLLATE utf8mb4_unicode_ci NOT NULL,
  `description` text COLLATE utf8mb4_unicode_ci,
  `status` bigint(20) unsigned NOT NULL,
  `sort_order` int(11) NOT NULL DEFAULT '0',
  `created_at` timestamp NULL DEFAULT NULL,
  `updated_at` timestamp NULL DEFAULT NULL,
  PRIMARY KEY (`id`),
  UNIQUE KEY `services_title_unique` (`title`),
  UNIQUE KEY `services_slug_unique` (`slug`),
  KEY `services_slug_index` (`slug`),
  KEY `services_status_foreign` (`status`),
  CONSTRAINT `services_status_foreign` FOREIGN KEY (`status`) REFERENCES `statuses` (`id`) ON DELETE CASCADE
) ENGINE=InnoDB DEFAULT CHARSET=utf8mb4 COLLATE=utf8mb4_unicode_ci;

-- Copiando dados para a tabela decorishouse.services: ~0 rows (aproximadamente)

-- Copiando estrutura para tabela decorishouse.settings
CREATE TABLE IF NOT EXISTS `settings` (
  `id` bigint(20) unsigned NOT NULL AUTO_INCREMENT,
  `key` varchar(255) COLLATE utf8mb4_unicode_ci NOT NULL,
  `value` text COLLATE utf8mb4_unicode_ci,
  `created_at` timestamp NULL DEFAULT NULL,
  `updated_at` timestamp NULL DEFAULT NULL,
  PRIMARY KEY (`id`),
  UNIQUE KEY `settings_key_unique` (`key`),
  KEY `settings_key_index` (`key`)
) ENGINE=InnoDB AUTO_INCREMENT=22 DEFAULT CHARSET=utf8mb4 COLLATE=utf8mb4_unicode_ci;

-- Copiando dados para a tabela decorishouse.settings: ~21 rows (aproximadamente)
INSERT INTO `settings` (`id`, `key`, `value`, `created_at`, `updated_at`) VALUES
	(1, 'logo', NULL, '2025-03-07 00:38:48', '2025-03-07 00:38:48'),
	(2, 'favicon', NULL, '2025-03-07 00:38:48', '2025-03-07 00:38:48'),
	(3, 'meta_title', 'Decoris House', '2025-03-07 00:38:48', '2025-03-18 16:13:46'),
	(4, 'meta_keywords', 'decoração, casa, quarto, banheiro, sala, utensilios, dicas', '2025-03-07 00:38:48', '2025-03-25 19:16:39'),
	(5, 'meta_description', 'Transformando sua casa com as melhores dicas de decoração e produtos incríveis .', '2025-03-07 00:38:48', '2025-03-27 09:06:25'),
	(6, 'script_head', NULL, '2025-03-07 00:38:48', '2025-03-18 16:13:46'),
	(7, 'script_body', NULL, '2025-03-07 00:38:48', '2025-03-18 16:13:46'),
	(8, 'site_name', 'Decoris House', '2025-03-07 00:38:48', '2025-03-18 16:13:46'),
	(9, 'site_proprietary', 'Decoris House', '2025-03-07 00:38:48', '2025-03-18 16:13:46'),
	(10, 'site_document', '12.345.678/0001-90', '2025-03-07 00:38:48', '2025-03-07 00:38:48'),
	(11, 'site_email', 'contato@innsystem.com.br', '2025-03-07 00:38:48', '2025-03-07 00:38:48'),
	(12, 'telephone', '(16) 4002-8922', '2025-03-07 00:38:48', '2025-03-07 00:38:48'),
	(13, 'cellphone', '(16) 99999-9999', '2025-03-07 00:38:48', '2025-03-07 00:38:48'),
	(14, 'address', 'Av. Principal, 123, Ribeirão Preto, SP', '2025-03-07 00:38:48', '2025-03-07 00:38:48'),
	(15, 'hour_open', '08:00 às 18:00', '2025-03-07 00:38:48', '2025-03-07 00:38:48'),
	(16, 'client_id', 'e5a39158-011c-4d04-a578-75d66584e600', '2025-03-07 00:38:48', '2025-03-07 00:38:48'),
	(17, 'client_secret', 'P5qm8Jb6lvei4aFwRHRygD5upQBpfjM0jzruJ4vg', '2025-03-07 00:38:48', '2025-03-07 00:38:48'),
	(18, 'facebook', NULL, '2025-03-21 14:35:21', '2025-03-23 12:11:31'),
	(19, 'instagram', 'https://instagram.com/decoris.house', '2025-03-21 14:35:21', '2025-03-27 09:06:15'),
	(20, 'tiktok', 'https://tiktok.com/achadinhos.decor.cozinha', '2025-03-21 14:35:21', '2025-03-27 09:06:15'),
	(21, 'youtube', 'https://www.youtube.com/@DecorisHouse', '2025-03-21 14:35:21', '2025-03-27 09:06:15');

-- Copiando estrutura para tabela decorishouse.sliders
CREATE TABLE IF NOT EXISTS `sliders` (
  `id` bigint(20) unsigned NOT NULL AUTO_INCREMENT,
  `title` varchar(255) COLLATE utf8mb4_unicode_ci NOT NULL,
  `href` varchar(255) COLLATE utf8mb4_unicode_ci DEFAULT NULL,
  `target` varchar(255) COLLATE utf8mb4_unicode_ci NOT NULL DEFAULT 'page_home',
  `image` varchar(255) COLLATE utf8mb4_unicode_ci NOT NULL,
  `status` bigint(20) unsigned NOT NULL,
  `created_at` timestamp NULL DEFAULT NULL,
  `updated_at` timestamp NULL DEFAULT NULL,
  PRIMARY KEY (`id`),
  KEY `sliders_status_foreign` (`status`),
  CONSTRAINT `sliders_status_foreign` FOREIGN KEY (`status`) REFERENCES `statuses` (`id`) ON DELETE CASCADE
) ENGINE=InnoDB DEFAULT CHARSET=utf8mb4 COLLATE=utf8mb4_unicode_ci;

-- Copiando dados para a tabela decorishouse.sliders: ~0 rows (aproximadamente)

-- Copiando estrutura para tabela decorishouse.statuses
CREATE TABLE IF NOT EXISTS `statuses` (
  `id` bigint(20) unsigned NOT NULL AUTO_INCREMENT,
  `name` varchar(255) COLLATE utf8mb4_unicode_ci NOT NULL,
  `type` varchar(255) COLLATE utf8mb4_unicode_ci NOT NULL,
  `description` text COLLATE utf8mb4_unicode_ci,
  `color` varchar(255) COLLATE utf8mb4_unicode_ci NOT NULL,
  `icon` varchar(255) COLLATE utf8mb4_unicode_ci DEFAULT NULL,
  `created_at` timestamp NULL DEFAULT NULL,
  `updated_at` timestamp NULL DEFAULT NULL,
  PRIMARY KEY (`id`)
) ENGINE=InnoDB AUTO_INCREMENT=45 DEFAULT CHARSET=utf8mb4 COLLATE=utf8mb4_unicode_ci;

-- Copiando dados para a tabela decorishouse.statuses: ~44 rows (aproximadamente)
INSERT INTO `statuses` (`id`, `name`, `type`, `description`, `color`, `icon`, `created_at`, `updated_at`) VALUES
	(1, 'Habilitado', 'default', 'Habilitado .', 'bg-success', 'fa fa-check', NULL, NULL),
	(2, 'Desabilitado', 'default', 'Desabilitado.', 'bg-warning text-black', 'fa fa-ban', NULL, NULL),
	(3, 'Ativo', 'general', 'Cliente ativo.', 'bg-success', 'fa fa-check', NULL, NULL),
	(4, 'Inativo', 'general', 'Cliente inativo.', 'bg-warning text-black', 'fa fa-ban', NULL, NULL),
	(5, 'Inadimplente', 'general', 'Cliente com pendências financeiras.', 'bg-danger', 'fa fa-times', NULL, NULL),
	(6, 'Bloqueado', 'general', 'Cliente bloqueado para operações.', 'bg-danger', 'fa fa-lock', NULL, NULL),
	(7, 'Suspenso', 'general', 'Cliente temporariamente suspenso.', 'bg-warning text-black', 'fa fa-pause', NULL, NULL),
	(8, 'Aguardando aprovação', 'general', 'Cadastro do cliente aguardando aprovação.', 'bg-info', 'fa fa-hourglass-half', NULL, NULL),
	(9, 'Excluído', 'general', 'Cadastro do cliente excluído.', 'bg-danger', 'fa fa-trash', NULL, NULL),
	(10, 'Cadastro incompleto', 'general', 'Cadastro do cliente está incompleto.', 'bg-warning text-black', 'fa fa-user-edit', NULL, NULL),
	(11, 'Aberto', 'general', 'Ticket aberto.', 'bg-warning text-black', 'fa fa-folder-open', NULL, NULL),
	(12, 'Em andamento', 'general', 'Ticket em andamento.', 'bg-info', 'fa fa-spinner', NULL, NULL),
	(13, 'Aguardando resposta', 'general', 'Aguardando resposta do cliente.', 'bg-warning text-black', 'fa fa-clock', NULL, NULL),
	(14, 'Encerrado', 'general', 'Ticket encerrado.', 'bg-success', 'fa fa-check-circle', NULL, NULL),
	(15, 'Cancelado', 'general', 'Ticket cancelado.', 'bg-danger', 'fa fa-times-circle', NULL, NULL),
	(16, 'Reaberto', 'general', 'Ticket reaberto.', 'bg-info', 'fa fa-undo', NULL, NULL),
	(17, 'Online', 'general', 'Usuário está online.', 'bg-success', 'fa fa-wifi', NULL, NULL),
	(18, 'Offline', 'general', 'Usuário está offline.', 'bg-warning text-black', 'fa fa-plug', NULL, NULL),
	(19, 'Bloqueado por tentativa de acesso', 'general', 'Usuário bloqueado por tentativas inválidas de acesso.', 'bg-danger', 'fa fa-user-lock', NULL, NULL),
	(20, 'Desativado pelo administrador', 'general', 'Usuário desativado por um administrador.', 'bg-danger', 'fa fa-user-times', NULL, NULL),
	(21, 'Senha expirada', 'general', 'Usuário com senha expirada.', 'bg-warning text-black', 'fa fa-key', NULL, NULL),
	(22, 'Aguardando ativação de e-mail', 'general', 'Usuário aguardando ativação por e-mail.', 'bg-info', 'fa fa-envelope', NULL, NULL),
	(23, 'Pendente', 'payments', 'Pagamento pendente.', 'bg-warning text-black', 'fa fa-clock', NULL, NULL),
	(24, 'Pago', 'payments', 'Pagamento realizado.', 'bg-success', 'fa fa-check', NULL, NULL),
	(25, 'Não pago', 'payments', 'Pagamento não realizado.', 'bg-danger', 'fa fa-times', NULL, NULL),
	(26, 'Cancelado', 'payments', 'Pagamento cancelado.', 'bg-danger', 'fa fa-ban', NULL, NULL),
	(27, 'Estornado', 'payments', 'Pagamento estornado.', 'bg-info', 'fa fa-undo', NULL, NULL),
	(28, 'Aguardando confirmação', 'payments', 'Aguardando confirmação do pagamento.', 'bg-warning text-black', 'fa fa-hourglass', NULL, NULL),
	(29, 'Parcialmente pago', 'payments', 'Pagamento realizado parcialmente.', 'bg-info', 'fa fa-percent', NULL, NULL),
	(30, 'Falha no pagamento', 'payments', 'Falha no processamento do pagamento.', 'bg-danger', 'fa fa-exclamation-triangle', NULL, NULL),
	(31, 'Expirado', 'payments', 'Pagamento expirado.', 'bg-warning text-black', 'fa fa-clock', NULL, NULL),
	(32, 'Aguardando reembolso', 'payments', 'Reembolso em processamento.', 'bg-info', 'fa fa-credit-card', NULL, NULL),
	(33, 'Em estoque', 'sales', 'Produto disponível em estoque.', 'bg-success', 'fa fa-box', NULL, NULL),
	(34, 'Sem estoque', 'sales', 'Produto indisponível em estoque.', 'bg-danger', 'fa fa-box-open', NULL, NULL),
	(35, 'Baixo estoque', 'sales', 'Produto com baixo estoque.', 'bg-warning text-black', 'fa fa-layer-group', NULL, NULL),
	(36, 'Reservado', 'sales', 'Produto reservado para pedido.', 'bg-info', 'fa fa-calendar-check', NULL, NULL),
	(37, 'Produção em andamento', 'sales', 'Produção do pedido em andamento.', 'bg-primary', 'fa fa-cogs', NULL, NULL),
	(38, 'Não enviado', 'sales', 'Pedido ainda não enviado.', 'bg-warning text-black', 'fa fa-truck-loading', NULL, NULL),
	(39, 'Enviado', 'sales', 'Pedido enviado.', 'bg-info', 'fa fa-truck', NULL, NULL),
	(40, 'Em trânsito', 'sales', 'Pedido em trânsito.', 'bg-info', 'fa fa-shipping-fast', NULL, NULL),
	(41, 'Entregue', 'sales', 'Pedido entregue ao cliente.', 'bg-success', 'fa fa-check-circle', NULL, NULL),
	(42, 'Devolvido', 'sales', 'Pedido devolvido.', 'bg-warning text-black', 'fa fa-undo', NULL, NULL),
	(43, 'Extraviado', 'sales', 'Pedido extraviado.', 'bg-danger', 'fa fa-exclamation', NULL, NULL),
	(44, 'Cancelado', 'sales', 'Pedido cancelado.', 'bg-danger', 'fa fa-ban', NULL, NULL);

-- Copiando estrutura para tabela decorishouse.testimonials
CREATE TABLE IF NOT EXISTS `testimonials` (
  `id` bigint(20) unsigned NOT NULL AUTO_INCREMENT,
  `name` varchar(255) COLLATE utf8mb4_unicode_ci NOT NULL,
  `avatar` varchar(255) COLLATE utf8mb4_unicode_ci DEFAULT NULL,
  `content` longtext COLLATE utf8mb4_unicode_ci NOT NULL,
  `rating` int(11) NOT NULL DEFAULT '0',
  `localization` varchar(255) COLLATE utf8mb4_unicode_ci DEFAULT NULL,
  `sort_order` int(11) NOT NULL,
  `status` bigint(20) unsigned NOT NULL,
  `created_at` timestamp NULL DEFAULT NULL,
  `updated_at` timestamp NULL DEFAULT NULL,
  PRIMARY KEY (`id`),
  KEY `testimonials_status_foreign` (`status`),
  CONSTRAINT `testimonials_status_foreign` FOREIGN KEY (`status`) REFERENCES `statuses` (`id`) ON DELETE CASCADE
) ENGINE=InnoDB DEFAULT CHARSET=utf8mb4 COLLATE=utf8mb4_unicode_ci;

-- Copiando dados para a tabela decorishouse.testimonials: ~0 rows (aproximadamente)

-- Copiando estrutura para tabela decorishouse.transactions
CREATE TABLE IF NOT EXISTS `transactions` (
  `id` bigint(20) unsigned NOT NULL AUTO_INCREMENT,
  `invoice_id` bigint(20) unsigned DEFAULT NULL,
  `integration_id` bigint(20) unsigned DEFAULT NULL,
  `type` varchar(255) COLLATE utf8mb4_unicode_ci NOT NULL,
  `amount` decimal(10,2) NOT NULL,
  `gateway_fee` decimal(10,2) NOT NULL DEFAULT '0.00',
  `description` longtext COLLATE utf8mb4_unicode_ci,
  `date` datetime NOT NULL,
  `created_at` timestamp NULL DEFAULT NULL,
  `updated_at` timestamp NULL DEFAULT NULL,
  PRIMARY KEY (`id`),
  KEY `transactions_invoice_id_foreign` (`invoice_id`),
  KEY `transactions_integration_id_foreign` (`integration_id`),
  CONSTRAINT `transactions_integration_id_foreign` FOREIGN KEY (`integration_id`) REFERENCES `integrations` (`id`) ON DELETE CASCADE,
  CONSTRAINT `transactions_invoice_id_foreign` FOREIGN KEY (`invoice_id`) REFERENCES `invoices` (`id`) ON DELETE CASCADE
) ENGINE=InnoDB DEFAULT CHARSET=utf8mb4 COLLATE=utf8mb4_unicode_ci;

-- Copiando dados para a tabela decorishouse.transactions: ~0 rows (aproximadamente)

-- Copiando estrutura para tabela decorishouse.users
CREATE TABLE IF NOT EXISTS `users` (
  `id` bigint(20) unsigned NOT NULL AUTO_INCREMENT,
  `user_group_id` bigint(20) unsigned NOT NULL,
  `name` varchar(255) COLLATE utf8mb4_unicode_ci NOT NULL,
  `email` varchar(255) COLLATE utf8mb4_unicode_ci NOT NULL,
  `password` varchar(255) COLLATE utf8mb4_unicode_ci NOT NULL,
  `password_code` varchar(255) COLLATE utf8mb4_unicode_ci DEFAULT NULL,
  `document` varchar(255) COLLATE utf8mb4_unicode_ci DEFAULT NULL,
  `phone` varchar(255) COLLATE utf8mb4_unicode_ci DEFAULT NULL,
  `remember_token` varchar(100) COLLATE utf8mb4_unicode_ci DEFAULT NULL,
  `created_at` timestamp NULL DEFAULT NULL,
  `updated_at` timestamp NULL DEFAULT NULL,
  PRIMARY KEY (`id`),
  UNIQUE KEY `users_email_unique` (`email`),
  KEY `users_user_group_id_foreign` (`user_group_id`),
  CONSTRAINT `users_user_group_id_foreign` FOREIGN KEY (`user_group_id`) REFERENCES `user_groups` (`id`) ON DELETE CASCADE
) ENGINE=InnoDB AUTO_INCREMENT=5 DEFAULT CHARSET=utf8mb4 COLLATE=utf8mb4_unicode_ci;

-- Copiando dados para a tabela decorishouse.users: ~4 rows (aproximadamente)
INSERT INTO `users` (`id`, `user_group_id`, `name`, `email`, `password`, `password_code`, `document`, `phone`, `remember_token`, `created_at`, `updated_at`) VALUES
	(1, 1, 'LeoDev', 'developer@innsystem.com.br', '$2y$12$QP1fh17BaZle9l7f.6L6S.mBKq25dlPyYkWpGcRQb3l.zOtekcDxG', NULL, NULL, NULL, NULL, '2025-03-07 00:38:47', '2025-03-23 12:11:53'),
	(2, 2, 'Leo Admin', 'contato@innsystem.com.br', '$2y$12$CoG6ssYX1yh9o65EwwE6kOXLZp1iYkS0WlWU.rhbYCFTib.wDHB3e', NULL, NULL, NULL, NULL, '2025-03-07 00:38:47', '2025-03-23 12:12:08'),
	(3, 3, 'Leo Cliente', 'leonardo@innsystem.com.br', '$2y$12$1PrNc3vsyCkwXn1p5hFYkOq9yi1MiUqPMC6CzdkKfM5678IJxLUm.', NULL, NULL, NULL, NULL, '2025-03-07 00:38:47', '2025-03-07 00:38:47'),
	(4, 3, 'Novo Cliente', 'new@innsystem.com.br', '$2y$12$QP1fh17BaZle9l7f.6L6S.mBKq25dlPyYkWpGcRQb3l.zOtekcDxG', NULL, NULL, NULL, NULL, '2025-03-07 00:38:48', '2025-03-07 00:38:48');

-- Copiando estrutura para tabela decorishouse.user_groups
CREATE TABLE IF NOT EXISTS `user_groups` (
  `id` bigint(20) unsigned NOT NULL AUTO_INCREMENT,
  `name` varchar(255) COLLATE utf8mb4_unicode_ci NOT NULL,
  `created_at` timestamp NULL DEFAULT NULL,
  `updated_at` timestamp NULL DEFAULT NULL,
  PRIMARY KEY (`id`),
  UNIQUE KEY `user_groups_name_unique` (`name`)
) ENGINE=InnoDB AUTO_INCREMENT=4 DEFAULT CHARSET=utf8mb4 COLLATE=utf8mb4_unicode_ci;

-- Copiando dados para a tabela decorishouse.user_groups: ~3 rows (aproximadamente)
INSERT INTO `user_groups` (`id`, `name`, `created_at`, `updated_at`) VALUES
	(1, 'Developer', '2025-03-07 00:38:46', '2025-03-07 00:38:46'),
	(2, 'Admin', '2025-03-07 00:38:46', '2025-03-07 00:38:46'),
	(3, 'Customer', '2025-03-07 00:38:46', '2025-03-07 00:38:46');

-- Copiando estrutura para tabela decorishouse.webhooks
CREATE TABLE IF NOT EXISTS `webhooks` (
  `id` bigint(20) unsigned NOT NULL AUTO_INCREMENT,
  `invoice_id` bigint(20) unsigned NOT NULL,
  `integration_id` bigint(20) unsigned NOT NULL,
  `payment_code` varchar(255) COLLATE utf8mb4_unicode_ci NOT NULL,
  `status` bigint(20) unsigned NOT NULL,
  `response_json` longtext CHARACTER SET utf8mb4 COLLATE utf8mb4_bin,
  `created_at` timestamp NULL DEFAULT NULL,
  `updated_at` timestamp NULL DEFAULT NULL,
  PRIMARY KEY (`id`),
  KEY `webhooks_invoice_id_foreign` (`invoice_id`),
  KEY `webhooks_integration_id_foreign` (`integration_id`),
  KEY `webhooks_status_foreign` (`status`),
  CONSTRAINT `webhooks_integration_id_foreign` FOREIGN KEY (`integration_id`) REFERENCES `integrations` (`id`) ON DELETE CASCADE,
  CONSTRAINT `webhooks_invoice_id_foreign` FOREIGN KEY (`invoice_id`) REFERENCES `invoices` (`id`) ON DELETE CASCADE,
  CONSTRAINT `webhooks_status_foreign` FOREIGN KEY (`status`) REFERENCES `statuses` (`id`) ON DELETE CASCADE
) ENGINE=InnoDB DEFAULT CHARSET=utf8mb4 COLLATE=utf8mb4_unicode_ci;

-- Copiando dados para a tabela decorishouse.webhooks: ~0 rows (aproximadamente)

/*!40103 SET TIME_ZONE=IFNULL(@OLD_TIME_ZONE, 'system') */;
/*!40101 SET SQL_MODE=IFNULL(@OLD_SQL_MODE, '') */;
/*!40014 SET FOREIGN_KEY_CHECKS=IFNULL(@OLD_FOREIGN_KEY_CHECKS, 1) */;
/*!40101 SET CHARACTER_SET_CLIENT=@OLD_CHARACTER_SET_CLIENT */;
/*!40111 SET SQL_NOTES=IFNULL(@OLD_SQL_NOTES, 1) */;
